Sign In,تسجيل دخول,
Home,الرئيسية,
About Us,نبذة عنا,
Contact Us,المركز الإعلامي,
Branch Locator,موقع المعارض,
Showroom Locator,موقع المعارض,
Stockists,موقع المعارض,
Media Center,المركز الإعلامي,
Media center,المركز الإعلامي,
Search entire store here...,ابحث هنا,
New Customers,مستخدم جديد,
"Creating an account has many benefits: check out faster, keep more than one address, track orders and more.",عن طريق انشاء حساب على الموقع تتمكن من الاستفادة من العديد من الخدمات المتاحة.,
Create an Account,آنشاء حساب جديد,
"If you have an account, sign in with your email address.",إذا كان لديك حساب، سجل دخولك هنا,
Forgot Your Password?,نسيت كلمة المرور؟,
Registered Customers,مستخدم مسجل,
Customer Login,تسجيل دخول او انشاء حساب,
Login,تسجيل دخول,
sign up for our latest updates,اشترك في النشرة لمعرفة آخر مستجداتنا,
Enter your email address,ادخل بريدك الالكتروني,
Subscribe,اشترك,
get social,تواصل معنا,
Create New Customer Account,آنشاء حساب جديد,
Personal Information,معلومات شخصية,
Sign Up for Newsletter,اشترك في النشرة البريدية,
Sign-in Information,معلومات التسجيل,
Password,كلمة المرور,
Confirm Password,تأكيد كلمة المرور,
Email:,البريد الالكتروني,
Email,البريد الالكتروني,
* Required Fields,* حقول مطلوبة,
our branches,معارضنا,
FIND THE NEAREST BRANCH,ابحث عن أقرب فرع,
CHOOSE THE CITY,اختر المدينة,
Search,ابحث,
Find my location,حدد موقعي,
Send Us a message,تواصل معنا,
Submit,ارسل,
Clear,حذف,
Select Contact type,اختر,
Please select,اختر,
Wholesale,المشاريع,
Retail,التصدير,
Export,المبيعات,
Projects,مبيعات الجملة,
Individual,شركة,
Company,شخصي,
City,المدينة,
Select city,اختر المدينة,
Phone Number,هاتف,
Sort By,رتب حسب,
Investors Relations,علاقات المستثمرين,
Annual Reports,التقارير السنوية,
Financial Reports,التقارير المالية,
Stock Market 'Tadawul',تداول – سوق الأسهم,
Compare Products,قارن المنتجات,
You have no items to compare.,ليس لديك منتجات للمقارنة,
My Wish List,قائمة أمنياتي,
You have no items in your wish list.,ليس لديك منتجات في قائمة الأمنيات,
Related Products,منتجات ذات صلة,
Position,الموقع,
Where to buy,من أين الشراء,
Contact,اتصل بنا,
Contact Us,اتصل بنا,
Other Products,منتجات اخرى,
SAR,ريال سعودي,
Forgot Your Password,هل نسيت كلمة المرور؟,
Please enter your email address below to receive a password reset link.,الرجاء إدخال عنوان البريد الإلكتروني أدناه للحصول على رابط إعادة تعيين كلمة المرور,
Reset My Password,إعادة تعيين كلمة المرور,
share on:,شارك على:,
Share On %s,شارك على %s,
Share On,شارك على,
Menu,القائمة,
Account,الحساب,
Settings,الإعدادات,
Language,اللغة,
Currency,العملة,
Share Price,سعر السهم,
Company Profile,ملف الشركة,
Add to Wish List,أضف إلي قائمة الإمنيات,
Add to Compare,أضف للمقارنة,
Be the first to review this product,كن الأول لمراجعة المنتج,
Tadawl,تداول,
Select Contact Type,اختر نوع التواصل,
Name,الإسم,
You may also like,قد يهمك أيضاً,
January,يناير,
February,فبراير,
March,مارس,
April,أبريل,
May,مايو,
June,يونية,
July,يولية,
August,أغسطس,
September,سبتمبر,
October,اكتوبر,
November,نوفمبر,
December,ديسمبر,
Show,اعرض,
per page,في الصفحة,
Choose Gender,اختر الجنس,
Male,ذكر,
Female,أنثى,
Phone,الهاتف,
Phone2,الهاتف 2,
Dob,تاريخ الميلاد,
Residence Country,بلد الإقامة,
Qualification,المؤهلات,
Nationality,الجنسية,
Choose Marital Status,الوضع الاجتماعي,
Single,أعزب,
Married,متزوج,
Year Experience,عدد سنين الخبرة,
Upload Cv,حمل السيرة الذاتية,
Carrers,الوظائف,
Type Of Message,نوع الرسالة,
Request type,نوع الطلب,
Mobile No,رقم الجوال,
Landline,الرقم الثابت,
Subject,التعليق,
Reload captcha,صورة جديدة,
Riyadh,الرياض,
Riyadh,الرياض,
Al Kharj,الخرج,
Buraidah,بريده,
Uneiza,عنيزه,
Al Raas,الرس,
Hail,حائل,
Tabuk,تبوك,
Jeddah,جدة,
Jeddah,جدة,
Taif,الطائف,
Al Madinah Al Munawarah,المدينة المنورة,
Makkah al Mukarramah,مكة المكرمة,
Dammam,الدمام,
Al Khobar,الخبر,
Jubail,الجبيل,
Al-Hofuf,الهفوف,
Al Hofuf,الهفوف,
Najran,نجران,
Khamis Mushait,خميس مشيط,
Jizan,جازان,
Select Type of the Message,نوع الرسالة,
Inquiry,إستفسارات,
After Sales,خدمات ما بعد البيع,
Suggesting and complaints,الإقتراحات والشكاوى,
Wholesale,مبيعات الجملة,
Project,المشاريع,
Export,التصدير,
Select Request Type,نوع الطلب,
CERAMIC TILES,بلاط السيراميك,
PORCELAIN TILES,بلاط البورسلان,
SANITARY WARE,الأدوات الصحية,
ELECTRIC WATER HEATERS,سخانات المياه الكهربائية,
CERAMIC ROAD MARKERS,علامات الطرق الخزفية,
BATHROOM ACCESSORIES,مكملات دورات المياه,
RED BRICKS,الطوب الأحمر,
Recruitment,التوظيف,
Select Customer Type,نوع العميل,
Corporate,أفراد,
Individuals,شركات,
Confirm Email,تأكيد البريد الالكتروني,
Please type the letters below,أدخل الحروف أدناه,
Please type the letters here,أدخل الحروف هنا,
Careers,الوظائف,
Prev. Close,إغلاق سابق,
Open,إفتتاح,
High,الأعلى,
Low,الأدنى,
Total Volume,الكمية المتداولة,
Total Turnover,القيمة المتداولة (ر.س),
Trades,عدد الصفقات,
Avg. Trade Size,متوسط كمية الصفقة,
Last Trade,خر صفقة,
Last Bid,أفضل طلب,
Best Offer,فضل عرض,
Details,التفاصيل,
52 Weeks,آخر 52 أسبوع,
52 Week Change,التغيير آخر 52 أسبوع,
* Required Fields,* الحقول المطلوبة,
CSV,CSV,
n/a,n/a,
PDF,PDF,
SKU,SKU,
Password must have at least 6 characters. Leading or trailing spaces will be ignored.,يجب أن تحتوي كلمة المرور على 6 حروف على الأقل. سيتم تجاهل أي مسافات قبل أو بعد الأحرف.,
Purchased at,في شراء,
"Missing firstname, skipping the record","فقدان الاسم الاول, اهمال التسجيل",
"Missing lastname, skipping the record","فقدان الاسم الاخير, اهمال التسجيل",
Fax,فاكس,
Action,فعل,
All countries,كل الدول,
New passowrd,كلمة مرور جديدة,
New Password,كلمة مرور جديدة,
Password,كلمة المرور,
Current Password,كلمة المرور الحالية,
Invalid current password,كلمة المرور الحالية غير صحيحة,
Amount,كمية,
Customer collection expected,ويتوقع جمع العملاء,
Session Start Time,وقت بدء الدورة,
State/Province,الحي/المنطقة,
Entity collection is expected,ومن المتوقع ان الكيان جمع,
Approved,وافق,
Set as Default Shipping Address,وضع كعنوان شحن افتراضي,
Set as Default Billing Address,وضعها كعنوان فاتورة افتراضية,
User description,وصف المستخدم,
Email Template,قالب بريد إلكتروني,
Wishlist,قائمة الأمنيات,
Order List...,قائمة الطلبات...,
My Wishlist,قائمة أمنياتي,
Wishlist - %d item(s),قائمة الاماني - %d عنصر(s),
Per Website,لكل موقع,
Account Dashboard,لوحة التحكم الرئيسية,
My Dashboard,لوحة التحكم الرئيسية,
You have been successfully logged out and will be redirected to our homepage in 5 seconds.,لقد قمت بتسجيل خروجك بنجاح وسيتم تحويلك إلى صفحتنا الرئيسية في خلال 5 ثوان.,
This email address was not found in our records,لم يتم إيجاد هذا البريد الإلكتروني في سجلاتنا,
This email address was not found in our records.,لم يتم إيجاد هذا البريد الإلكتروني في سجلاتنا.,
No Newsletter Found,لم يتم العثور على نشرات اخبارية,
No product collections found,لم يتم العثور على مجموعات المنتجات,
No Items Found,لم يتم العثور على عناصر,
Not Sent,لم ترسل,
This customer has no saved addresses.,لا يوجد لهذا العميل عناوين محفوظة.,
You have no additional entries in your address book.,لا يوجد لديك مداخل اضافية في دفتر العناوين الخاص بك.,
You have no primary entries in your address book.,لا يوجد لديك الاولية والمدخلات في دفتر العناوين الخاص بك.,
You have no default billing address in your address book.,لا يوجد لديك عنوان الفاتوره التقصير في دفتر العناوين الخاص بك.,
You have no default shipping address in your address book.,لا يوجد لديك عنوان الشحن الافتراضي في دفتر العناوين الخاص بك.,
You have no additional address entries in your address book.,لا يوجد لديك عناوين اضافية في دفتر العناوين,
There are no items in customer's shopping cart at the moment,لا يوجد سلع في قائمة المنتجات الخاصة بالعميل في هذه اللحظة,
There are no items in customer's shopping cart at the moment,لا يوجد سلع في قائمة المنتجات الخاصة بالعميل في هذه اللحظة,
There are no items in customer's wishlist at the moment,لا يوجد سلع بقائمة الأمنيات الخاصة بالعميل في هذه اللحظة,
Can't share customer accounts global.,لا يمكن مشاركة حسابات العميل العالمي.,
Can't save address,لا يمكن حفظ العنوان,
Can't save customer,لا يمكن حفظ العميل,
HTML,لغة النص التشعبي,
Type,نوع,
Newsletter Finish,نهاية النشرة,
Forgot Email Template,نسيت البريد الالكتروني للقالب,
Forgot Email Sender,نسيت البريد الالكتروني للمرسل,
Text,نص,
Forgot Your Password?,هل نسيت كلمة المرور؟,
Are you sure you want to cancel adding of this address?,هل أنت متأكد أنك تريد إلغاء إضافة هذا العنوان؟,
Are you sure that you want to remove this item?,هل أنت متأكد أنك تريد إزالة هذه السلعة؟,
Are you sure the you want to remove this item?,هل أنت متأكد أنك تريد إزالة هذه السلعة؟,
Are you sure you want to delete this address?,هل أنت متأكد أنك تريد حذف هذا العنوان؟,
Are you sure?,هل أنت متأكد؟,
Subscribed to Newsletter?,هل تود الاشتراك بالنشرة البريدية؟,
There was an error while deleting the address,هناك خطأ أثناء حذف العنوان,
Telephone,هاتف,
This is My Primary %1 Address,هذا هو عنواني المبدئي %1,
Website,موقع,
Please enter your email below and we'll send you a new password.,من فضلك قم بإدخال بريدك الإلكتروني بالأسفل وسيتم إرسال كلمة مرور جديدة لك.,
Please enter your email below and we'll send you a new password.,من فضلك قم بإدخال بريدك الإلكتروني بالأسفل وسيتم إرسال كلمة مرور جديدة لك.,
Please enter your email.,من فضلك قم بإدخال بريدك الإلكتروني.,
Please select,من فضلك اختر,
"Please select region, state or province",من فضلك اختر منطقة، ولاية أو مقاطعة,
Please make sure your passwords match.,الرجاء التأكد من تطابق كلمة المرور.,
Paused,متوقف,
Average Sale,متوسط البيع,
Online,متصل,
Order Total,مجموع الامر,
New Customer Groups,مجموعات عميل جديدة,
Customer Groups,مجموعات عملاء,
Group,مجموعة,
"Group ""%1"" can not be deleted","مجموعة ""%1"" لا يمكن حذفها",
Array of Entity collections is expected,مجموعة من المجموعات ومن المتوقع ان الكيان,
New Group,مجموعة جديدة,
New Customer Group,مجموعة عميل جديدة,
Customer Group,مجموعة عملاء,
New Address Entry,مدخل عنوان جديد,
Additional Address Entries,عناوين اضافية,
Product Reviews,مراجعات المنتج,
My Reviews,مراجعاتي,
"Hello, %1!",مرحبا، %1!,
Email Sender,مرسل البريد الإلكتروني,
"Problem saving the collection, aborting. Error: %1",مشكلة في حفظ جمع اجهاض. خطأ: %1,
All Store Views,مشاهدات جميع المخازن,
Share Customer Accounts,مشاركة حساب العميل,
Added From,مضاف من,
Pending,معلق,
View Order,View Order,
View Order List,View Order List,
Visible In,Visible In,
XML,XML,
Last Viewed Items,آخر السلع المعروضة,
or,أو,
You are currently subscribed to our newsletter,أنت حاليا مشترك في نشرتنا البريدية,
You are currently subscribed to our newsletter.,أنت حاليا مشترك في نشرتنا البريدية.,
You are currently not subscribed to our newsletter,أنت حاليا غير مشترك في نشرتنا البريدية,
You are currently not subscribed to any newsletter.,أنت حاليا غير مشترك في أية نشرة بريدية.,
Never,أبدا,
To Cart,إلى قائمة المنتجات,
Cancel,إلغاء,
Unsubscribe from newsletter,إلغاء الاشتراك في النشرة البريدية,
Create an Account,إنشاء حساب,
Create New Customer Account,إنشاء حساب عميل جديد,
Create Order,إنشاء طلب شراء,
Sales Statistics,إحصائيات المبيعات,
Password Management,إدارة كلمة المرور,
Manage Addresses,إدارة العناوين,
Manage Customers,إدارة العملاء,
"If you have an account with us, please log in.",إذا كنت تمتلك حسابا معنا، من فضلك قم بتسجيل الدخول.,
Submit,إرسال,
Remove,إزالة,
Add New Customer Group,إضافة مجموعة عملاء جديدة,
Add New Address,إضافة عنوان جديد,
Add New Customer,إضافة عميل جديد,
My Orders,طلب,
All,الكل,
Qty,الكمية,
Newsletters,النشرة البريدية,
Newsletter,النشرة البريدية,
Text One Line,النص على الشبكة,
"Missing email, skipping the record",المفقودين البريد الالكتروني ، تخطى سجل,
Subject,الموضوع,
Product,المنتج,
Deleted Stores,المتاجر المحذوفة,
Store,المتجر,
"Invalid store specified, skipping the record",المتجر المحدد غير صحيح ، تخطى سجل,
Grand Total,المجموع الكلي,
Grand Total: %1,المجموع الكلي: %1,
Default Group,المجموعة الافتراضية,
City,المدينة,
Days in Wishlist,الأيام في قائمة الأمنيات,
Total,الإجمالي,
Admin,الإدارة,
Orders,الطلبات,
Recent Orders,الطلبات الحالية,
Name,الاسم,
First Name,الاسم الأول,
Continue Shopping,الاستمرار بالتسوق,
Sign up for our newsletter,الاشتراك بنشرتنا البريدية,
Newsletter Subscription,الاشتراك بالنشرة الالكترونية,
Sign Up for Newsletter,الاشتراك بالنشرة البريدية,
Subscribe to newsletter,الاشتراك بالنشرة البريدية,
Email,البريد الإلكتروني,
Customer email already exists,البريد الإلكتروني للعميل موجود بالفعل,
Default Email Domain,البريد الالكتروني الافتراضي النطاق,
Details,التفاصيل,
Date,التاريخ,
Date Added,التاريخ المضاف,
Ext. Price,التحويلة. السعر,
Status,الحالة,
Country,الدولة,
ZIP,اسم الشارع,
ZIP/Postal Code,اسم الشارع,
Zip/Postal Code,اسم الشارع,
ZIP/Post Code,اسم الشارع,
ID,الرمز التعريفي,
Product ID,الرمز التعريفي للمنتج,
Visitors Only,الزوار فقط,
Price,السعر,
Ship to First name,الشحن للاسم الاول,
Company,الشركة,
Back,العودة,
Back to Login,العودة لتسجيل الدخول,
Address,العنوان,
The address does not belong to this customer,العنوان لا يخص هذا العميل,
Addresses,العناوين,
Default Addresses,العناوين الرئيسية,
Customer,العميل,
Customer doesn't have primary billing address,العميل ليس لديه عنوان دفع رئيسي,
Customers,العملاء,
Customers Only,العملاء فقط,
Your account balance is: %1,ان رصيد حسابك هو: %1,
You have not set a primary billing address.,انت لم تحدد الابتدائي عنوان الفاتوره.,
You have not set a primary shipping address.,انت لم تحدد الابتدائي عنوان الشحن.,
You have placed no products yet.,انت لم تضع منتج بعد.,
You have placed no orders yet.,انت لم تضع عنوان بعد.,
You have placed no orders.,انت لم تضع عنوان بعد.,
You are currently subscribed to 'General Subscription'.,انت الان مشترك بالنشرة البريدية.,
You're now Logged Out,انت الان مسجل الخروج,
Order #,امر #,
Order #%1 (%1),امر #%1 (%1),
Last 5 Orders,اخر 5 طلبات,
Last Activity,اخر نشاط,
Last Url,اخر موقع,
Last date subscribed,اخر تاريخ مشترك,
Last date unsubscribed,اخر تاريخ غير مشترك,
Go to Address Book,اذهب الى دفتر العناوين,
Send auto-generated password,ارسال الرقم السري للتوليد الالي,
Send welcome email,ارسال رسالة ترحيب,
Product Name,اسم المنتج,
Product name,اسم المنتج,
Group Name,اسم المجموعة,
Last Name,اسم العائلة,
Use as My Primary %1 Address,استخدم كا عنواني المبدئي %1,
Use as my default billing address,استخدم كعنوان الدفع الافتراضي,
Use as my default shipping address,استخدم كعنوان الشحن الافتراضي,
Retrieve your password here,استعادة كلمة المرور هنا,
Tag Name,اسسم العلامة,
Subscribe,اشتراك,
General Subscription,أودّ أن اشترك بالنشرة الالكترونية,
Refunded,اعادة ايجاد,
Config,اعداد,
Newsletter Information,بيانات النشرة البريدية,
Group Information,بيانات المجموعة,
Contact Information,بيناتك,
Account Information,بيانات الحساب,
Billing Information,بيانات الدفع,
Billing Info,بيانات الدفع,
Shipping Info,بيانات الشحن,
Shipping Information,بيانات الشحن,
Address Information,بيانات العنوان,
Customer Information,بيانات العميل,
Invalid customer data,بيانات العميل غير صحيحة,
Login Information,بيانات تسجيل الدخول,
Personal Information,المعلومات الشخصية,
Need to Confirm,بحاجة إلى التأكيد,
Newsletter Start,بداية النشرة,
A new password was sent,تم إرسال كلمة مرور جديدة,
A new password has been sent.,تم إرسال كلمة مرور جديدة.,
Sent,تم الإرسال,
Saved,تم الحفظ,
Bought From,تم الشراء من,
Newsletter Received,تم تسلم النشرة البريدية,
Customer Group was successfully saved,تم حفظ مجموعة عملاء بنجاح,
The address was successfully saved,تم حفظ العنوان بنجاح,
The address has been saved.,تم حفظ العنوان بنجاح,
Account information was successfully saved,تم حفظ بيانات الحساب بنجاح,
Customer Group was successfully deleted,تم حذف مجموعة عملاء بنجاح,
The address was successfully deleted,تم حذف العنوان بنجاح,
Confirm Password,تأكيد كلمة المرور,
Confirm New Password,تأكيد كلمة المرور الجديدة,
Update,تحديث,
Edit,تعديل المعلومات,
Edit Customer Groups,تحرير مجموعات العملاء,
Edit Group,تحرير مجموعة,
"Edit Customer Group ""%1""","تحرير مجموعة العملاء ""%1""",
Edit Address Entry,تحرير مدخل العنوان,
Edit Newsletters,تحرير النشرات البريدية,
Edit Personal Information,تعديل المعلومات البيانات الشخصية,
Edit Address,تعديل معلومات العنوان,
Edit Newsletter Subscription,تعديل معلومات اشتراك النشرة البريدية,
Edit Account Information,تعديل معلومات بيانات الحساب,
Edit Customer's Address,تعديل معلومات عنوان العميل,
"Skip import row, required field ""%1"" not defined","تخطى الواردات على التوالي ، في الحقل مطلوب ""%1""غير معرفة",
"Skip import row, website ""%1"" field not exists","تخطى الواردات على التوالى ، الموقع الالكتروني ""%1"" لم يتم العثور على الحقل",
"Records for ""","تسجيل ل  """,
Log Out,تسجيل الخروج,
Login,تسجيل الدخول,
Log In,تسجيل الدخول,
Login and password are required,تسجيل الدخول و الرقم السري مطلوبات,
Invalid login or password.,عنوان البريد الالكتروني أو كلمة المرور غير صحيحة,
Login or Create an Account,تسجيل دخول او انشاء حساب,
Customer Login,تسجيل دخول العميل,
Customer Configuration,تشكيل العميل,
Assign a customer group,تعيين فريق العملاء,
Change Account Password,تغيير كلمة مرور الحساب,
Change Password,تغيير كلمة المرور,
Change Billing Address,تغيير عنوان الدفع,
Change Shipping Address,تغيير عنوان الشحن,
Sending,جار الإرسال,
Save,حفظ,
Save Password,حفظ كلمة المرور,
Save Customer Group,حفظ مجموعة عملاء,
Save Address,حفظ عنوان,
Save Customer,حفظ عميل,
Pasword fields can't be empty.,حقل الرقم السري لا يمكن ان يكون فارغا.,
Delete,حذف,
Delete Customer Group,حذف مجموعة عملاء,
Delete Address,حذف العنوان,
Delete Customer,حذف العميل,
New account,حساب جديد,
My Account,حسابي,
From your My Account Dashboard you have the ability to view a snapshot of your recent account activity and update your account information. Select a link below to view or edit information.,لوحة التحكم الرئيسية تعرض لك اخر الانشطة لحسابك وتقدم لك روابط تمكنك من تحديث بيناتك الشخصية ومعلومات حسابك,
Password Options,خيارات كلمة المرور,
Account Sharing Options,خيارات مشاركة الحساب,
Create New Account Options,خيارات إنشاء حساب جديد,
Error during retrieval of option value: %1,خطأ أثناء استرداد قيمة الخيار: %1,
Address Book,دفتر العناوين,
Wrong region id by selected country,رقم تعريف المنطقة الخطأ من جانب البلدان المختاره,
Guest,زائر,
Visitor,زائر,
Shopping Cart - %d item(s),سلة الشراء - %d عنصر(s),
Thank you for registering with %1,شكرا لتسجيلك على موقع السيف غاليري,
Thank you for registering with %1.,شكرا لتسجيلك على موقع السيف غاليري,
Ship to Last name,شحن للاسم الاخير,
Shipped to Name,شحنت للاسم,
Shipped to First Name,شحنت للاسم الاول,
Shipped to Last Name,شحنت للاسم الخير,
Items Order,طلبات العناصر,
Tax Class,طبقة الضرائب,
Tax class,طبقة الضرائب,
Payment Method,طريقة الدفع,
Shipping Method,طريقة الشحن,
Purchase On,على شراء,
Product Tags,علامات المنتج,
My Tags,علاماتي,
"By creating an account with our store, you will be able to move through the checkout process faster, store multiple shipping addresses, view and track your orders in your account and more.",عن طريق انشاء حساب في موقعنا الألكتروني ، ستتمكن من الاستفادة من العديد من الخدمات المتاحة، مثل تحضير قائمة منتجات، مقارنة المنتجات والاشتراك بالنشرات الالكترونية وغيرها من الخدمات.,
"The list of products facilitate the process of shopping in the malls of Panda, with it you can choose which products you wish to buy and then print the list or sent from through an e-mail and facilitate the process of shopping in the mall.",قائمة المنتجات تسهل عملية التبضع في اسواق بنده، فمن خلالها يمكنك اختيار المنتجات التي تود شراءها ثم طباعة القائمة او ارسالها من خلال البريد الالكتروني وتسهيل عملية التسوق في الاسواق,
Already registered? Login now,عميل مسجل؟ سجل دخولك الان,
IP Address,عنوان الملكية الفكرية,
Email Address,عنوان البريد الإلكتروني,
Invalid email address.,عنوان البريد الإلكتروني غير صحيح.,
Default Billing Address,عنوان الدفع الافتراضي,
Primary Billing Address,عنوان الدفع الرئيسي,
Street Address,عنوان الشارع,
Street Address 2,عنوان الشارع 2,
Default Shipping Address,عنوان الشحن الافتراضي,
Primary Shipping Address,عنوان الشحن الرئيسي,
New Address,عنوان جديد,
New Customer Address,عنوان عميل جديد,
Customer Addresses,عناوين العميل,
Customer Since,عميل منذ,
New Customer,عميل جديد,
Online Customers,عملاء متصلون,
Registered Customers,عملاء مسجلون,
New Customers,العملاء جدد,
New Customer?,عميل جديد؟,
Lifetime Sales,عمر المبيعات,
Global,عالمي,
Shopping Cart,سلة التسوق,
View,عرض,
Store View,عرض المتجر,
Customer View,عرض العملاء,
Disabled,غير مفعل,
Offline,غير متصل,
Unknown,غير معروف,
"Invalid attribute set specified, skipping the record",غير صالح مجموعة السمات المحددة ، تخطى سجل,
"Invalid option id specified for %1 (%1), skipping the record","غير صالح الخيار رقم تعريف محدد لل %1 (%1), اهمال التسجيل",
"Invalid attribute option specified for attribute %1 (%1), skipping the record","غير صالح خيار السمة المحددة للخاصيه %1 (%1), اهمال التسجيل",
M.I.,الاسم الأوسط,
The account information has been saved.,تم حفظ معلومات الحساب.,
Registration Page Intro,عن طريق انشاء حساب على موقع بنده، تتمكن من الاستفادة من العديد من الخدمات المتاحة، مثل تحضير قائمة مشتريات، مقارنة المنتجات والاشتراك بالنشرات الالكترونية وغيرها من الخدمات . يرجى الاحتفاظ بكلمة المرور والبريد الالكتروني بمكان اّمن لتتمكن من تسجيل الدخول في وقت لاحق، في حالة فقدان كلمة المرور يمكنك اسرجاعها من خلال خدمة <a href='%1'>نسيت كلمة المرور</a>,
"Preferable to use a password consisting of a mixture of eight letters, numbers, and that to maintain on confidentiality.",من المفضل استخدام كلمة مرور مؤلفة من مزيج من ثماني احرف او ارقام، وهذا للمحافظة على سريته.,
Please note that the email address and password are necessary to log on the Panda site at a later time.,نرجو الملاحظة ان العنوان الالكتروني وكلمة المرور ضروريتان لتسجيل الدخول على موقع بنده في وقت لاحق.,
"After confirmation of the information that was recorded, please Click on the button 'Send' button once to end the registration process",بعد التأكد من المعلومات التي تم تسجيلها، الرجاء الضغط على زر ال'إرسال' مرة واحدة لانهاء عملية التسجيل,
Please enter a valid full date.,من فضلك قم بإدخال تاريخ صحيح.,
Mobile,المحمول,
Marital Status,الحالة الزواجية,
"The subscription has been saved..""تم حفظ الاشتراك.""",,
Remember me,تذكرني,
Male,ذكر,
This date is a required value.,من فضلك قم بإدخال تاريخ صحيح.,
Mobile,المحمول,
Marital Status,الحالة الزواجية,
Special Products,منتجات مميزة,
Select Store:,اختر المحل:,
,,
Return to Previous Page,الرجوع الى الصفحة السابقة,
Orders and Returns,الطلبات والارجاعات,
SHARE ON,شارك على,
Review this Product,قيّم هذا المنتج,
Some Of our Products,منتجات مختارة,
Privacy Policy,سياسة الخصوصية,
Terms of use,شروط الاستخدام,
Global Store,المتجر العالمي,
Saudi Store,السعودية,
Kuwait Store,الكويت,
Pусский,روسيا - Pусский,
USA Store,أمريكا,
Canada Store,كندا,
Add to cart,أضف الى السلة,
Continue shopping,متابعة التسوق,
Clear Shopping Cart,افرغ سلة التسوق,
Checkout Method,إنهاء عملية الشراء,
Your order has been received.,قد تمّ استلام طلبك,
Added to Wishlist,مضاف الى قائمة الامنيات,
"%1$s  has been added to your Wish List. Click <a href=""%2$s"">here</a> to continue shopping.","%1$s قد أضيفت إلى سلة المفضلة. انقر <a href=""%2$s"">هنا</a> لمواصلة التسوق.",
Product Details and Comment,تفاصيل المنتج وتعاليق,
You have logged out and will be redirected to our homepage in %1 seconds.,تم تسجيل الخروج بنجاح، سوف يتم إعادة توجيه إلى الصفحة الرئسية خلال %1 ثوان.,
was successfully added to your shopping cart.,قد أضيف  الى سلة التسوق.,
%d product(s) have been added to shopping cart: %1.,لقد أضيف (1) منتج الى سلة التسوق: %1,
Please make sure your Email Address match.,تأكّد أنّ عنواني البريد الإلكتروني متطابقين,
Confirm Email Address,أعد ادخال البريد الالكتروني,
Specifications,مواصفات,
Unsubscribe Me,إلغاء الاشتراك,
Please enter your email address below. You will receive a link to reset your password.,أدخل عنوان بريدك الإلكتروني. سوف يصلك رابط لاعادة كلمة السر,
If there is an account associated with %1 you will receive an email with a link to reset your password.,اذا يوجد حساب ل %1 سوف يصلك رابط لاعادة كلمة السر,
If there is an account associated with %1 you will receive an email with a link to reset your password.,اذا يوجد حساب ل %1 سوف يصلك رابط لاعادة كلمة السر,
My Wishlist <small>(%d)</small>,قائمة أمنياتي,
Add all items to shopping cart,اضافة الكل الى سلة التسوق,
View all wishlist items,عرض جميع المنتجات في قائمة أمنياتي,
Reset a Password,تغيير كلمة المرور,
Your password has been updated.,لقد تمّ تغيير كلمة المرور,
Add gift options,أضف خيارات الهدايا,
Store Locator,مواقع المتاجر,
Locate On Map,تحديد الموقع على الخريطة,
Phone,رقم الهاتف,
Type your search here,ادخل كلمة البحث,
was successfully updated in your shopping cart.,تم تحديث بنجاح في عربة التسوق الخاصة بك.,
There are currently no products in this category. Click %1here%1 to view other products.,لا يوجد حاليا أي منتجات في هذه الخانة. انقر %1هنا%1 لعرض منتجات أخرى.,
There are currently no products in this category.,لا يوجد حاليا أي منتجات في هذه الخانة.,
Specifications are currently not available for this product.,المواصفات لهذا المنتج غير متوفرة حاليا,
--Select Bundle--,اختر الباقة,
Price as configured,السعر,
BHD,‎د.ب,
KWD,د.ك,
OMR,‎ر.ع,
QAR,ر.ق,
SAR,ر.س,
AED,‎د.إ,
USD,$,
SiteMap,خريطة الموقع,
Sitemap,خريطة الموقع,
-- Select Size --,-- اختر الحجم --,
Please select size.,الرجاء اختيار الحجم,
Please type the letters below,ادخل الأحرف أدناه,
<strong>Attention</strong>: Captcha is case sensitive.,<strong>انتبه</strong>: كلمة التحقق حساسة لحالة الأحرف,
Incorrect CAPTCHA.,كلمة التحقق غير صحيحة,
Your wrapper box is full,العلبة أصبحت كاملة,
", choose a bigger one %1",", اختر علبة أكبر %1",
You need to add %1 products!,عليك اضافةعليك اضافة %1 منتجاتمنتجات,
Please add 1 more product.,اختر منتج واحد اضافي,
Please add %1 more products.,الرجاء اختيار %1 منتجات اضافية,
This wrapperbox will contain maximum of %1 products!,هذه العلبة تحتوي %1 منتجات,
Edit Box,تعديل العلبة,
Are you sure you want to remove this item?,هل أنت متأكد من أنك تريد إلغاء هذا المنتج؟,
Yes,نعم,
No,كلا,
Add to Box,أضف إلى العلبة,
Remove from Box,إلغاءه من العلبة,
Credit Card,بطاقة الائتمان,
Register and save time for future convenience:,سجّل معنا ووفّر الوقت للمرة التالية:,
Happy Birthday!,عيد سعيد,
Overnight (Parcel),توصيل ليلي للبضائع,
Aramex - Overnight (Parcel),توصيل ليلي للبضائع - أرامكس,
Overnight (Document),توصيل ليلي للوثائق,
Aramex - Overnight (Document),توصيل ليلي للوثائق - أرامكس,
Special Delivery,توصيل مميّز,
Aramex - Special Delivery,توصيل مميّز - أرامكس,
International deferred,توصيل دولي ممدّد,
Aramex - International deferred,توصيل دولي ممدّد - أرامكس,
Priority Document Express,توصيل سريع للبضائع,
Aramex - Priority Document Express,توصيل سريع للبضائع - أرامكس,
Priority Letter Express (<.5 kg Docs),توصيل سريع للرسائل (<0.5كغ),
Aramex - Priority Letter Express (<.5 kg Docs),توصيل سريع للرسائل (<0.5كغ) - أرامكس,
Aramex,أرامكس,
Please Select Storelocator Country,اختر البلد,
Please Select Storelocator City,اختر المدينة,
Please select bottle type.,الرجاء اختيار نوع الزجاجة,
The mobile number you are using is already assigned to another user!,رقم الجوال الذي تستخدمه منسوب الى مستخدم اخر,
UAE Store,الامارات,
Qatar Store,قطر,
Oman Store,عمان,
Best Sellers,المنتجات الأكثر مبيعا,
Save Now!,وفّر الان!,
Buy Both Products,اشتر المنتجين,
Our product prices do not include taxes and customs,السعر لا يشمل الضريبة أو الرسوم الجمركية,
All orders placed after 28 June will be processed after Eid holiday,ستتم معالجة جميع الطلبات المرسلة بعد 28 يونيو عند انتهاء عطلة العيد,
Knet Payment Info:,معلومات الدفع عبر كي-نت:,
Payment ID: %1,معرف الدفع: %1.,
Trans ID: %1,معرف الشحن: %1.,
Ref ID: %1,الرقم المرجعي: %1.,
Date & Time: %1,التاريخ والوقت: %1,
Transaction Response: %1,استجابة العملية: %1,
Transaction Amount: %1,قيمة العملية: %1,
Merchant Track ID: %1,رقم مسار المتجر:,
NOT CAPTURED,لم تستجاب,
CAPTURED,استجيبت,
VOIDED,باطل,
CANCELED,ملغى,
DENIED BY RISK,مرفوض,
HOST TIMEOUT,تعليق الجهاز,
Fixed Rate,قيمة ثابتة,
Delivery and Returns,التسليم والإرجاع,
Please select color.,الرجاء اختيار اللون,
"You already have a Cash On Delivery Order with status PENDING. Please wait while we process that order first in order to place another order, or change the payment method of this order",هناك طلب لك مستخدم خدمة الدفع عند الاستلام جاري تنفيذه. الرجاء الانتظار حتى تلبية الطلب السابق قبل ارسال طلب جديد، او اختيار طريقة دفع اخرى,
"%1, Buy 1 Get 1 Free","%1, اشتر 1 واحصل على 1 مجانا",
Buy 1 Get 1 Free,اشتر 1 واحصل على 1 مجانا,
Dear Customers: All orders placed after 25 Ramadan (20 June) will be delivered after Eid Holiday on Saturday 1 July 2017.,عملاءنا الكرام ننوه بأن كافة الطلبات التي يتم تسجيلها بعد يوم 25 رمضان الموافق 20 يونيو سوف يتم شحنها بعد عطلة عيد الفطر يوم السبت 1 يوليو 2017 وكل عام و أنتم بخير,
Thank you for your purchase!,شكرا لطلبك من السيف غاليري,
Your order # is:%1.,رقم طلبك هو: %1,
You will receive an order confirmation email with details of your order and a link to track its progress.,ستصلك رسالة الكترونية بتفاصيل الطلب  مع رابط للتبع حالة الطلب,
%1 has been added to your cart.,%1 قد أضيف الى سلة التسوق,
Add gift options for the Entire Order,هذا الطلب هدية,
Do you have any gift items in your order?,هل هذا الطلب هدية؟,
Gift Wrapping Cost,تغليف هدية,
Copy,نسخة,
There was a problem with the un-subscription.,يوجد مشكلة بإلغاء الاشتراك.,
There was a problem with the subscription,يوجد مشكلة بالاشتراك,
There was a problem with the subscription: %1,يوجد مشكلة بالاشتراك: %1,
There was an error while saving your subscription,يوجد خطأ أثناء حفظ اشتراكك,
Need to Confirm,يحتاج الى تاكيد,
Action,فعل,
Invalid subscription confirmation code,كود تأكيد الاشتراك غير صحيح,
Error Code,كود خطأ,
Newsletter Templates,قوالب النشرة البريدية,
Unsubscribe,قم بإلغاء الاشتراك,
Sign up for our newsletter:,قم بالاشتراك في نشرتنا البريدية:,
New Newsletter Template,قالب نشرة بريدية جديد,
Confirmation Email Template,قالب البريد الإلكتروني التأكيدي,
New Template,قالب جديد,
Not Sent,لم يتم الإرسال,
Not activated,لم يتم التنشيط,
No subscribers selected,لم يتم اختيار مشتركين,
No Templates Found,لا يوجد قوالب,
No problems found,لا يوجد مشاكل,
Cannot mark as received subscriber,لا يمكن ان العلامه كما وردت المشترك,
Cannot save your subscription: %1,لا يمكن حفظ اشتراكك: %1,
Cannot delete template,لا يمكن حذف القالب,
Cannot delete subscriber,لا يمكن حذف المشترك,
Type,نوع,
Template Type,نوع القالب,
Success Email Template,نجاح قالب البريد الالكتروني,
Newsletter unsubscription success,نجاح إلغاء الاشتراك في النشرة البريدية,
Newsletter subscription success,نجاح الاشتراك في النشرة البريدية,
Success Email Sender,نجاح ارسال الرساله الالكترونية,
Queue Newsletter,نشرة الصف,
Error Text,نص خاطئ,
Are you sure that you want to delete this template?,هل أنت متأكد أنك تريد حذف هذا القالب؟,
Are you sure that you want to strip all tags?,هل انت متاكد انك تريد من تشريط جميع العلامات؟,
Do you really want to cancel the queue?,هل تريد ان تلغي الصف؟,
Queue Subject,موضوع الصف,
Please enter new template name,من فضلك قم بإدخال اسم قالب جديد,
Please select subscriber(s),من فضلك اختر مشترك/مشتركين,
Template Content,محتويات القالب,
Confirmation Email Sender,مرسل البريد الإلكتروني التأكيدي,
Selected problem subscribers successfully unsubscribed,مشكلة اختيار المشتركين اشتراكك بنجاح,
Subcribed,مشترك,
Subscriber,مشترك,
Newsletter Subscribers,مشتركو النشرة البريدية,
Subscribers,مشتركون,
Subscribers From,مشتركون من,
Queue Information,معلومات الصف,
Preview,معاينة,
Preview Template,معاينة القالب,
Newsletter Message Preview,معاينة رسالة النشرة البريدية,
Cancel,إلغاء,
Create Newsletter Template,إنشاء قالب نشرة بريدية,
Add New Template,إضافة قالب جديد,
Newsletter,النشرة البريدية,
Website,الموقع,
Store,المتجر,
Sender,المرسل,
Recipients,المستلمون,
Customer Firstname,الاسم الأول للعميل,
Email,البريد الإلكتروني,
Sender Email,البريد الإلكتروني للمرسل,
Date Added,التاريخ المضاف فيه,
Status,الحالة,
ID,الرمز التعريفي,
Back,العودة,
Return Html Version,العودة النسخه لغة تأشير النص الفائق,
Subject,العنوان,
Customer,العميل,
Unsubscribe Selected,الغاء الاشتراك مختارة,
Unsubscription Email Template,الغاء الاشتراك البريد الالكتروني قالب,
Unsubscription Email Sender,الغاء الاشتراك البريد الالكتروني للمرسل,
Queue Finish,انتهاء الصف,
Start,ابدء,
Enter your email address,ادخل عنوان بريدك الالكتروني,
Template Name,اسم القالب,
Sender Name,اسم المرسل,
Customer Lastname,اسم العائلة للعميل,
Resume,استئناف,
Sign me up,اشترك الان,
Subscribe,اشتراك,
Invalid subscription ID,اشتراك غير صحيح معرف,
Newsletter Subscriptions,الاشتراك بالنشرة,
Add to Queue,اضف الى الصف,
Edit Queue,اضافة قالب,
Reset,اعادة وضع,
Template Information,بيانات القالب,
Queue Date Start,بدء تاريخ الصف,
Queue Start,بداية الصف,
Duplicate of template code,تكرار رمز القالب,
Pause,توقيف,
Paused,توقف,
Newsletter Problem Reports,تقارير مشاكل النشرة البريدية,
You have been successfully unsubscribed.,تم إلغاء اشتراكك بنجاح.,
Confirmation request has been sent,تم إرسال الطلب التأكيدي,
Confirmation request has been sent.,تم إرسال الطلب التأكيدي.,
Cancelled,تم الإلغاء,
Sent,تم الإرسال,
Your subscription was successfully confirmed,تم تأكيد اشتراكك بنجاح,
Your subscription has been confirmed.,تم تأكيد اشتراكك بنجاح.,
The subscription was successfully saved,تم حفظ الاشتراك بنجاح,
Selected problems successfully deleted,تم حذف المشاكل المختارة بنجاح,
Form was filled incorrectly,تمت تعبئة النموذج بطريقة غير صحيحة,
Newsletter subscription confirmation,تأكيد الاشتراك في النشرة البريدية,
Processed,تجهيز,
Convert to Plain Text,تحويل الى نص عادي,
Date Updated,تحديث التاريخ,
Edit Template,تحرير قالب,
Edit Newsletter Template,تحرير قالب النشرة البريدية,
Edit Newsletter,تحرير النشرة البريدية,
Toggle Editor,تحرير المسمار,
Newsletter Sign-up,تسجيل خروج النشرة,
Sending,جار الإرسال,
Save And Resume,حفظ و استئناف,
Save Template,حفظ قالب,
Save Newsletter,حفظ النشرة البريدية,
Save As,حفظ باسم,
Delete Template,حذف قالب,
Delete Selected Problems,حذف المشاكل المختارة,
Subscription Options,خيارات الاشتراك,
Subscription option,خيارات الاشتراك,
Invalid subscriber ID,رقم تعريف المشترك غير صحيحة,
Message,الرسالة,
Guest,زائر,
Thank you for your subscription,شكرا لك للاشتراك,
Thank you for your subscription.,شكرا لك للاشتراك.,
Template Subject,عنوان القالب,
View Newsletter,عرض النشرة البريدية,
Store View,عرض المتجر,
Unsubcribed,غير مشترك,
Invalid queue selected,غير صالح الصف مختارة,
Newsletter Queue,صف النشرة,
"Sorry, but administrator denied subscription for guests. Please <a href=""%1"">register</a>.","Sorry, but administrator denied subscription for guests. Please <a href=""%1"">register</a>.",
"Sorry, but your can not subscribe email adress assigned to another user.",عذرا ، ولكن لا يمكنك الاشتراك بعنوان البريد الإلكتروني المخصصة لمستخدم آخر.,
Please enter a valid email address.,الرجاء إدخال عنوان بريد إلكتروني صالح.,
%d Review(s),%d تقيم,
%1 Review(s),%1 تقيم,
(Posted on %1),(تلصق في %1),
1 star,1 نجمة,
2 stars,2 نجوم,
3 stars,3 نجوم,
4 stars,4 نجوم,
5 stars,5 نجوم,
SKU,SKU,
How do you rate this product?,كيف تقيم هذا المنتج؟,
All Reviews,كل التقييمات,
Be the first to review this product,كن أول من يراجع هذا المنتج,
Write Your Own Review,كتابة تقييمك,
Your review has been accepted for moderation,لقد تمّ ارسال تعليقك بنجاح,
Your review has been accepted for moderation.,لقد تمّ ارسال تعليقك بنجاح.,
Back,للخلف,
You have submitted no reviews.,لم تقم بإرسال أية مراجعات.,
"Unable to post review. Please, try again later.",لا يمكن نشر المراجعة. من فضلك حاول مرة أخرى.,
Are you sure you want to do this?,هل أنت متأكد من فعل ذلك؟,
Are you sure?,هل أنت متأكد؟,
Summary of Your Review,ملخّص تقييمك,
Summary of review,ملخص المراجعة,
Summary of Review,ملخص المراجعة,
Please select a product,من فضلك قم باختيار منتج,
Please select one of each of the ratings above,من فضلك قم باختيار إحدي التقييمات بالأعلى,
Product SKU,منتج SKU,
Average Customer Rating,متوسط تقييم العميل,
Average Customer Rating:,متوسط تقييم العميل:,
Visible Ins,مرئي Ins,
Product Reviews,مراجعات المنتج,
Customer Reviews,مراجعات العميل,
New Review,مراجعة جديدة,
Your Review (submitted on %1):,مراجعتك (أرسلت في %1):,
Store Views,مشاهدات المتجر,
OR,أو,
You're reviewing: %1,أنت تقيّم: %1,
You're reviewing:,أنت تقيّم:,
Submit Review,إرسال التقييم,
Add to Wishlist,إضافة إلى قائمة الأمنيات,
Add to Compare,إضافة إلى المقارنة,
Add to Cart,أضف الى السلة,
Add Items to Cart,إضافة السلع إلى قائمة المنتجات,
Add New Review,إضافة تقييم جديد,
Add Your Review,إضافة تقييمك,
Qty,الكمية,
Nickname,الاسم,
Type,النوع,
Product,المنتج,
Administrator,المدير,
Review,التقييم,
Name,الاسم,
Name In Store,الاسم بالمتجر,
Availability: Out of stock.,التواجد: نفد من المخزون,
Availability: In stock.,التواجد: بالمخزون,
Detailed Rating,التقييم المفصل,
Rating:,التقييم:,
Status,الحالة,
ID,الرمز التعريفي,
Price,السعر,
Back to Product Reviews,العودة لمراجعات المنتج,
Back to Main Product Info,العودة إلى بيانات المنتج الرئيسية,
Back to My Reviews,العودة إلى تقييماتي,
Title,العنوان,
Customer,العميل,
Posted By,الصقت بواسطة,
Created On,انشئت في,
Product Name,اسم المنتج,
My Product Reviews,قائمة مراجعاتي,
Product Review (submitted on %1):,استعراضات المنتج (الصقت في  %1):,
My Recent Reviews,استعراضاتي الاخيرة,
Review by %1,استعرضت بواسطة %1,
Review Details,تفاصيل المراجعة,
Zoom In,تكبير,
Summary Rating,تقييم الملخص,
Product Rating,تقييم المنتج,
Product Rating:,تقييم المنتج:,
Your Rating:,تقييمك:,
Edit Review '%1',تحرير المراجعة '%1',
Pending Reviews,تعليق الاستعراضات,
Zoom Out,تصغير,
Save Review,حفظ المراجعة,
Update status,حالة التحديث,
Delete,حذف,
Delete Review,حذف مراجعة,
Guest,زائر,
Buy %1 for %1,شراء %1 لل %1,
Visible In,ظهرت في,
View All Reviews,عرض كل المراجعات,
View Details,عرض التفاصيل,
Quality,الجودة,
You don't subscribe to our newsletter.,أنت لست مشتركا بالنشرة الإخبارية,
You have not set a default billing address,لم يتم تعيين عنوان إرسال الفواتير الافتراضي,
You have not set a default shipping address.,لم يتم تعيين عنوان شحن افتراضي,
Next Page,الصفحة التالية,
%1 Item(s),%1 صنف,
(ver. %1),(ver. %1),
Magento is a trademark of Irubin Consulting Inc. DBA Varien. Copyright &copy; %1 Irubin Consulting Inc.,Magento هي العلامه التجارية للشركة استشاريه irubin ديسيبل varien. جميع الحقوق محفوظة ©; %1 Irubin استشارة لجنة التفاوض الحكوميه الدولية.,
This is a demo store. Any orders placed through this store will not be honored or fulfilled.,وهذا هو توضيحي المحل. اي طلبات الشراء من خلال هذا المتجر لن يتم الوفاء بها او تكريم.,
per page,لكل صفحة,
Interface Language,لغة الواجهه,
Title Suffix,نهاية العنوان,
Welcome Text,نص البداية,
"Welcome, %1!","مرحبا, %1!",
Report All Bugs,أبلغ عن كل الثغرات,
Show,أعرض,
Default Keywords,الكلمات المفتاحية الاعتيادية,
Default Description,الوصف الاعتيادى,
Magento Commerce Demo Store,المتجر التجريبي,
Default Robots,التقارير الاعتيادية,
Footer,الذيل,
Header,الراس,
Default Title,العنوان الاعتيادى,
Previous Page,الصفحة السابقة,
You're currently on:,انت حاليا فى:,
Your Language,اختيار اللغة,
Select Store,اختر متجرا,
Close Window,اغلق النافذة,
Title Prefix,بداية العنوان,
Skip to Main Content,تجاوز الى المحتويات الرئيسية,
Copyright,حقوق الملكية,
HTML Head,راس لغة النص التشعبية,
Help Us to Keep Magento Healthy,ساعدنا لنحافظ على الماجنتو سليمة,
Items %1 to %1 of %1 total,عناصر %1 إلى %1 من %1,
Page:,صفحة:,
Logo Image Alt,صورة الشعار,
Logo Image Src,صورة الشعار Src,
"If you have an account with us, log in using your email address.",إذا كنت مسجلا لدى موقع بنده، يمكنك تسجيل الدخول باستخدام البريد الإلكتروني وكلمة المرور الخاصة بك:,
Sort By,عرض حسب,
My Cart (<span>%1</span>),قائمة المنتجات (<span>%1</span>),
My Cart (<span>0</span>),قائمة المنتجات (<span>0</span>),
News,أخبار,
Latest News,اخر الاخبار,
+ more,+ المزيد,
or,أو,
register,سجل,
Home Page,الصفحة الرئيسية,
There is,يوجد,
products.,منتوجات.,
Press Releases,اخبار الصحف,
FAQ,أسئلة وأجوبة,
Frequently Asked Questions,أسئلة وأجوبة,
Questions,الأسئلة,
Answers,الإجابات,
There are no FAQ items at the moment.,لا توجد أي عناصر قائمة في الوقت الراهن.,
top,للأعلى,
Related Websites,مواقع ذات صلة,
Did you know?,هل تعلم؟,
Go back,العودة,
You are now logged out,تم تسجيل الخروج بنجاح,
You are signed out,تم تسجيل الخروج بنجاح,
You have logged out and will be redirected to our homepage in %1 seconds.,تم تسجيل الخروج بنجاح، سوف يتم إعادة توجيه إلى الصفحة الرئسية في %1 ثوان.,
You have signed out and will go to our homepage in 5 seconds.,تم تسجيل الخروج بنجاح، سوف يتم إعادة توجيه إلى الصفحة الرئسية في 5 ثوان.,
Enter search keyword,أدخل كلمة البحث,
Click on image to zoom,انقر على الصورة للتكبير,
Clear All,مسح الكل,
Compare,قارن,
Check items to add to the cart or,إختار المنتج لإضافته إلى السلة أو,
Go to Shopping Cart,الذهاب إلى قائمة المنتجات,
Please,الرجاء,
or,أو,
Date of Birth,تاريخ الميلاد,
Please enter a valid full date.,من فضلك قم بإدخال تاريخ صحيح.,
Back to Albums,العودة إلى البومات,
Galleries,معرض الصور,
Change Address,تغيير العنوان,
Back to News,العودة الى قائمة الاخبار,
No related products,لا توجد منتجات ذات صلة,
Answer,الإجابة,
Question,السؤال,
Gender,الجنس,
New Albums,البومات جديدة,
View all,عرض جميع,
You Have Been Successfully Subscribed.,تم الاشتراك بنجاح.,
You Have Been Successfully unSubscribed.,تم إلغاء الاشتراك بنجاح.,
Mobile Subscription,خدمة الجوال,
Male,ذكر,
Female,أنثى,
Enter mobile number,أدخل رقم جوّالك,
Our Stores,فروعنا,
Select Region,اختر المنطقة,
Select City,اختر المدينة,
Select Location,اختر المكان,
Select District,اختر الحي,
Stores opens 24 hours,اسواق تعمل 24 ساعة,
Store opens times,اوقات عمل السوق,
"No stores according to the specifications you have chosen, please try again.","لا  يوجد متاجر حسب المواصفات التي اخترتها, الرجاء المحاولة مرة أخرى.",
Latest News,آخر الأخبار,
View Image,عرض الصورة,
Latest News,آخر الأخبار,
View Map,تحميل الخريطة,
till,إلى,
Opens 24 hours,يفتح 24 ساعة,
Phone #,الهاتف,
Bisha,بيشة,
Central,المنطقة الوسطى,
Eastern,المنطقة الشرقية,
Hail,حائل,
Jizan,جيزان,
Khamis,خميس مشيط,
Madina,المدينة,
Nijran,نجران,
Qassim,القسيم,
Riyadh,الرياض,
Tabuk,تبوك,
West,المنطقة الغربية,
Please enter a valid phone number in the form 05XXXXXXX.,الرجاء إدخال رقم هاتف صحيح في شكل 05XXXXXXX.,
Panda - Always Fresh.. Always For Less..,بنده – طازه ويا بلاش,
Subscribe Through Mobile,إشترك بخدمة الجوال,
Forgot Password,نسيت كلمة المرور,
Related search terms:,مصطلحات البحث ذات صلة:,
Did you mean:,هل تقصد:,
Please login to view price.,الرجاء تسجيل الدخول لمشاهدة سعر هذا المنتج.,
Your reCAPTCHA entry is incorrect. Please try again.,كلمة التحقق الخاص غير صحيحة. يرجى المحاولة مرة أخرى.,
Send by e-mail,ارسل بالبريد الالكتروني,
Send store address by email,أرسل العنوان	 عن طريق البريد الإلكتروني,
Store address is successfully sent.,تم إرسال عنوان بنجاح.,
Store address was not successfully sent.,لم يتم إرسال عنوان بنجاح.,
Overview,نظرة عامة,
Go to product's page,إذهب إلى صفحة المنتج,
Date of birth,تاريخ الميلاد,
Stores Near you,المتاجر القريبة منك,
Accept Terms and Conditions,قبول الشروط والأحكام,
Subscribe to our Newsletter,الإشتراك في خدمة البريد الإلكتروني,
Email not found is our system,البريد الإلكتروني غير موجود في قاعدة البيانات,
Your information is saved.Please check your email to confirm your subscription.,الرجاء زيارة بريدك الالكتروني لاتمام عملية التسجيل,
year,سنة,
month,شهر,
day,يوم,
You have error in Email Format. It should be like (name@example.com),هناك خطء في كتابة البريد الإلكتروني.يجب أن يكون وفق صيغة (name@example.com),
Your Email already exist in our Database,بريدك الإلكتروني موجود في قاعدة بياناتنا,
Your Email exist in our Database but it is not active,بريدك الإلكتروني موجود في قاعدة بياناتنا لكنه غير مفعل,
Fail in saving data,خطء في حفظ المعلومات,
Fail in sending data,خطء في إرسال المعلومات,
This field,هذا الحقل,
exist in the system,موجود في قاعد الببانات,
is required,حقل إجباري,
Your information is saved,تم حفظ المعلومات,
Id Number,رقم الهوية,
Full Name,الإسم الكامل,
Win with Reese's,إربح مع ريسيز,
Agree on Terms and Conditions,أوافق على الشروط والأحكام,
Mobile,رقم الجوال,
Thank you for participating and wish you good luck,نشكرك على مشاركتك، ونتمنى لك الحظ الأوفر,
SKU_EXEEDED_TITLE,لقد بلغت الحد اليومي لإختيار المنتجات، تفضلوا بزيارتنا غداً لاختيار المزيد من المنتجات,
SKU_EXEEDED_BODY,سيتم اشعارك اسبوعياً عن طريق البريد الالكتروني بجميع المنتجات التي اضيفت الى عروضنا الأسبوعية بناءً على اختيارات عملائنا الكرام,
SKU_EXIST,لقد إخترت هذه السلعة من قبل,
NO_POST,لا يوجد معومات,
NO_EMAIL,الرجاء إدخال البريد الإلكتروني بشكل صحيح,
NASSEMHA,نسمها,
AUTH_TITLE,الرجاء إدخال معلوماتك الشخصية بالضغط على الرابط التالي,
AUTH_BODY,لتبدء عملية التنسيم,
NASSEMHA_SUBJECT_MAIL,نسمها – قائمة المنتجات اللتي قمت باختيارها,
Subscribe Through Mobile,اشترك بخدمة رسائل الجوال,
Locate Panda Stores,حدد مواقع متاجر بنده وهايبربنده,
Store Search,إبحث,
Thank you for joining us,شكراً لانضمامك الينا!,
Join Us on,تابعنا على,
Thank You for visiting Panda Website,شكرا لك على زيارة موقع بنده,
Your information has been updated,تم تعديل معلوماتك الشخصية بنجاح,
Vote for your product,صوّت على هذا المنتج في حال رغبت بدخوله في العروض التوفيرية الاسبوعية، التي ستشمل المنتجات الحائزة على أكبر عدد من الأصوات,
Change Email,تغيير البريد الالكتروني,
%1 already exists,%1 موجود بالفعل,
%1 already exist,%1 موجود بالفعل,
* Required Fields,* Required Fields,
-- Please Select --,-- الرجاء الاختيار--,
Cookie Domain,Cookie الملك,
Cookie Lifetime,Cookie المده الزمنية,
Cookie Path,Cookie الطريق,
Cron (Scheduled Tasks) - all the times are in minutes,Cron (المقرر المهام) -- جميع الأوقات في غضون دقائق,
SMTP settings (Windows server only),SMTP اوضاع (نظام النافذة فقط),
Submit,أرسل,
Var (temporary files) directory,فار) الملفات المؤقتة) دليل,
Please select one of the options.,فضلا اختار واحد من الخيارات.,
Please select one of the above options.,فضلا اختار من الخيارات الموجوده في الاعلى.,
Please select an option.,فضلا اختر خيار .,
Please use letters only (a-z) in this field.,فضلا استخدم الحروف من (ا-ي )في هذه الخانه.,
Code,كود,
Invalid block name to set child %1: %1,كتلة غير صالحة لوضع اسم الطفل %1: %1,
Controller file was loaded but class does not exist,وكان المراقب المالي تحميل الملف ولكن لا وجود الطبقة,
Set as default,وضع كاافتراضي,
Templates,قوالب,
Code pools root directory,قانون مجمعات الدليل الرئيسي,
Invalid transactional email code:,قانون المعاملات البريد الالكتروني غير صحيح:,
Base Link URL,قاعدة وصلة الموقع,
Base JavaScript URL,"قاعدة موقع جافا سكريبت""",
Base URL,قاعدة الموقع,
Invalid base dir type specified: %1,قاعدة غير صحيحة دير نوع محدد: %1,
Before modifying the website code please make sure that it is not used in index.php,قبل تعديل قانون الموقع يرجى التأكد من انها لا تستخدم في index.php,
Before modifying the store view code please make sure that it is not used in index.php,قبل تعديل قانون المتجر ورأى يرجى التأكد من انها لا تستخدم في index.php,
"Your session has been expired, you will be relogged in now.",لقد انتهت صلاحية جلستك. سيتم إعادة تسجيل دخولك الآن.,
Your order has been received,قد تمّ استلام طلبك,
Back,رجوع,
"Unable to create backup. Please, try again later.",لا يمكن إنشاء نسخة احتياطية. من فضلك حاول مرة أخرى.,
"Unable to proceed. Please, try again",لا يمكن الاستمرار. من فضلك حاول مرة أخرى,
Can't retrieve request object,لا يمكن استرجاع وجوه الطلب,
Can't retrieve entity config: %1,لا يمكن استرجاع الكيان أعداد: %1,
Cannot Delete Email Template,لا يمكن حذف قالب البريد الإلكتروني,
This Website cannot be deleted,لا يمكن حذف هذا الموقع,
This Website cannot be deleted.,لا يمكن حذف هذا الموقع.,
This Store cannot be deleted,لا يمكن حذف هذا المتجر,
This Store cannot be deleted.,لا يمكن حذف هذا المتجر.,
"Unable to delete Website. Please, try again later.",لا يمكن حذف الموقع. من فضلك حاول مرة أخرى.,
"Unable to delete Store. Please, try again later.",لا يمكن حذف المتجر. من فضلك حاول مرة أخرى.,
"Unable to delete Store View. Please, try again later.",لا يمكن حذف عرض المتجر. من فضلك حاول مرة أخرى.,
Default no-route url,لا الافتراضيه - موقع الطريق,
You have no items to compare.,لا توجد عندك عناصر للمقارنة.,
Enabled for Frontend,لتمكين الواجهة,
Invalid base url type,نوع قاعدة الموقع غير صحيحة,
Debug,نقح,
Model class does not exist: %1,نموذج من الدرجة لا وجود لل: %1,
Model collection resource name is not defined,نموذج جمع الموارد اسم غير محدد,
Forgot Password Email Template,نسيت كلمة السر البريد الالكتروني قالب,
Forgot Password Email Sender,نسيت كلمة السر البريد الالكتروني للمرسل,
Duplicate Of Template Code,نسخة طبق الاصل من نموذج قانون,
Filesystem,نظام الملف,
Are you sure?,هل أنت متأكد؟,
This category only,هذا التصنيف فقط,
This category and its products,هذا التصنيف ومنتجاته,
This category and its child categories,هذا التصنيف وتصنيفاته الفرعية,
This is a required field.,هذا الحقل مطلوب.,
Enabled,مفعل,
Enabled for Admin,مفعل للمدير,
Web,موقع,
Base Media URL,موقع قاعدة وسائل الاعلام,
Base Skin URL,موقع قاعدة الجلد,
Website with the same code,موقع له نفس الكود,
"Website code should contain only letters (a-z), numbers (0-9) or underscore(_), first character should be a letter",موقع المدونه يجب ان لا تحتوي الا على الحروف (من الالف الى الياء) ، ارقام (0-9) يؤكد او (_) ، الحرف الأول ينبغي ان يكون رسالة,
New Website,موقع جديد,
Invalid websites configuration path: %1,مواقع غير صالحة طريق التكوين: %1,
Themes,مواضيع,
located in {{base_dir}}/var/log,موضوعة في  {{base_dir}}/var/log,
Compare Products,مقارنة المنتجات,
Compare Products - %d Items,مقارنة المنتجات - %d عناصر,
Compare Items,مقارنة العناصر,
Please enter 6 or more characters.,من فضلك قم بإدخال 6 أحرف أو أكثر.,
Please enter 6 or more characters. Leading or trailing spaces will be ignored.,من فضلك قم بإدخال 6 أحرف أو أكثر. سيتم تجاهل المسافات قبل أو بعد الأحرف.,
Please enter valid password.,من فضلك قم بإدخال كلمة مرور صحيحة.,
Please enter a valid email address. For example johndoe@domain.com.,البريد الاكتروني الذي أدخلته غير صحيح,
Please enter a valid date.,من فضلك قم بإدخال تاريخ صحيح.,
Please enter a valid full date.,من فضلك قم بإدخال تاريخ صحيح.,
Please enter a valid phone number. For example (123) 456-7890 or 123-456-7890.,من فضلك قم بإدخال رقم هاتف صحيح. كمثال (123) 456-7890 أو 123-456-7890.,
Please enter a number greater than 0 in this field.,من فضلك قم بإدخال رقم أكبر من 0 في هذا الحقل.,
Please enter a valid credit card number.,من فضلك قم بإدخال رقم بطاقة إئتمان صحيح.,
Please enter a valid number in this field.,من فضلك قم بإدخال رقم صحيح في هذا الحقل.,
Please use numbers only in this field. please avoid spaces or other characters such as dots or commas.,الرجاء ادخال أرقام فقط وعدم استخدام أحرف أو ترقيم,
Please use numbers only in this field. Please avoid spaces or other characters such as dots or commas.,الرجاء ادخال أرقام فقط وعدم استخدام أحرف أو ترقيم,
"Please wait, loading...",من فضلك انتظر، جار التحميل...,
Please select State/Province.,من فضلك اختر ولاية/مقاطعة.,
Please make sure your passwords match.,الرجاء التأكد من تطابق كلمة المرور.,
Port (25),منفذ (25),
Sales representative,مندوب المبيعات,
Timezone,منطقة التوقيت,
Advanced,متقدم,
Store with the same code,متجر له نفس الكود,
New Store,متجر جديد,
Package,مجموعة,
Locale,محلي,
Search Engines Optimization,محركات البحث الأمثل,
"Invalid messages storage ""%1"" for layout messages initialization","مخزن الرسائل عاجزه ""%1"" التهيءه لتصميم رسائل",
"Block with name ""%1"" already exists","مساحة بالاسم ""%1""تم ايجادها",
Invalid block: %1,مساحة غير ممكنه: %1,
Admin User,مستخدم إداري,
Skin (Images / CSS),مسح (صور / CSS),
Clear All Items,مسح جميع العناصر,
Developer,مطور,
Secure,آمن,
Empty main table name,إفراغ اسم الجدول الرئيسي,
Empty identifier field name,إفراغ اسم حقل المعرف,
Cancel,إلغاء,
Disable email communications,إلغاء تفعيل التواصل عن طريق البريد الإلكتروني,
Create Website,إنشاء موقع,
Create Store,إنشاء متجر,
Create Store View,إنشاء عرض متجر,
Manage Stores,إدارة المتاجر,
Use Web Server Rewrites,إعادة كتابة باستخدام خادم الويب,
General Settings,إعدادات عامة,
All,الكل,
System,النظام,
Website,الموقع,
Default web url,الموقع الافتراضي,
Website not exists,الموقع غير موجود,
Stores,المتاجر,
Store,المتجر,
Default Store,المتجر الافتراضي,
Store not exists,المتجر غير موجود,
Profiler,المحلل,
Host,المضيف,
Developer Client Restrictions,المطور العملاء القيود,
Resource is not set,المصدر ليس موضوع,
Default,الافتراضي,
Sender email,البريد الإلكتروني للمرسل,
Email,البريد الالكتروني,
Date From,التاريخ من,
Date To,التاريخ إلى,
Sort order,الترتيب,
Root Category,التصنيف الجذر,
Status,الحالة,
Default country,الدولة الافتراضية,
Please enter a valid zip code.,الرجاء إدخال الرمز البريدي.,
Please enter a valid zip code. For example 90602 or 90602-1234.,الرجاء إدخال الرمز البريدي. فعلى سبيل المثال 90602 او 90602-1234.,
Please enter a valid $ amount. For example $100.00.,الرجاء ادخال دولار من المبلغ. فعلى سبيل المثال 100،00 دولار..,
Please enter a valid social security number. For example 123-45-6789.,الرجاء ادخال رقم الضمان الاجتماعي. فعلى سبيل المثال 123-45-6789.,
Please enter a valid URL. http:// is required,الرجاء ادخال عنوان. http:// مطلوب,
Please enter a valid URL. For example http://www.example.com or www.example.com,الرجاء ادخال عنوان. فعلى سبيل المثال http://www.example.com او www.example.com,
"Please use this date format: dd/mm/yyyy. For example 17/03/2006 for the 17th of March, 2006.",الرجاء استخدام هذا الشكل حتى الآن : اليوم / الشهر / السنة. فعلى سبيل المثال 17/03/2006 للالسابع عشر من اذار / مارس ، 2006.,
Please use only letters (a-z) or numbers (0-9) or spaces and # only in this field.,الرجاء استخدام الحروف (من الالف الى الياء الاقامة) او ارقام (0-9) أو المساحات و# فقط في هذا المجال.,
Please use only letters (a-z) or numbers (0-9) only in this field. No spaces or other characters are allowed.,الرجاء استخدام الحروف (من الالف الى الياء الاقامة) او ارقام (0-9) الا في هذا الميدان. أي فراغات او الشخصيات الأخرى يسمح لل.,
"Please use only letters (a-z), numbers (0-9) or underscore(_) in this field, first character should be a letter.",الرجاء استخدام الحروف (من الالف الى الياء الاقامة) ، ارقام (0-9) يؤكد او (_) في هذا المجال ، ينبغي ان يكون الحرف الاول رسالة.,
Allow countries,السماح للدول,
Default Pages,الصفحات الافتراضية,
Keep your eyes open for our special Back to School items and save A LOT!,ابقاء عينيك مفتوحة لدينا العودة الى المدارس الخاصة البنود وانقاذ الكثير!,
Leave empty for access from any location,اترك فارغا للوصول من أي موقع,
General contact,اتصالات عامة,
Remove This Item,احذف هذا العنصر,
Go,اذهب,
Name,اسم,
Website Name,اسم الموقع,
File Name,اسم الملف,
Store Name,اسم المتجر,
Current package name,اسم المجموعة الحالية,
Sender name,اسم المرسل,
Store View Name,اسم عرض المتجر,
Use Secure URLs in Admin,استخدام عناوين في ادارة امن,
Exception Log File Name,اشتثناء الدخول باسم الملف,
Wrong number of arguments for %1,اعداد خاطاءه من النقاشات لل %1,
Website Information,بيانات الموقع,
Store Information,بيانات المتجر,
Store View Information,بيانات عرض المتجر,
Search,بحث,
Custom email 1,بريد إلكتروني مخصص 1,
Custom email 2,بريد إلكتروني مخصص 2,
Contact Us,تواصل معنا,
Telephone,تلفون,
Template Path Hints,تلميحات مسار القالب,
Database was successfuly backed up.,تم التخزين الاحتياطي لقاعدة البيانات بنجاح.,
Website was successfully saved,تم حفظ الموقع بنجاح,
Store was successfully saved,تم حفظ المتجر بنجاح,
Store View was successfully saved,تم حفظ عرض المتجر بنجاح,
Website was successfully deleted.,تم حذف الموقع بنجاح.,
Store was successfully deleted.,تم حذف المتجر بنجاح.,
Store View was successfully deleted.,تم حذف عرض المتجر بنجاح.,
Use Secure URLs in Frontend,تأمين استخدام عناوين المواقع في الواجهة,
Start date can't be greater than end date,تاريخ بداية لا يمكن ان يكون اكبر من تاريخ إنتهاء,
Invalid layout update handle,تحديث نسق التعامل مع غير صالحة,
"Invalid layout update argument, expected Mage_Core_Model_Layout_Element",تحديث الحجه غير صحيحة النسق ، من المتوقع ان mage_core_model_layout_element,
Edit Website,تحرير موقع,
Edit Store,تحرير متجر,
Edit Design Change,تحرير تغيير التصميم,
Edit Store View,تحرير عرض المتجر,
Layout,تخطيط,
Translations,ترجمات,
Comment,تعليق,
Disable modules output,تعطيل وحدات الإنتاج,
Design Change,تغيير التصميم,
New Design Change,تغيير تصميم جديد,
Design,تصميم,
Custom Design,تصميم مخصص,
Save,حفظ,
Save Website,حفظ الموقع,
Save Store,حفظ المتجر,
Save Store View,حفظ عرض المتجر,
Delete,حذف,
Delete Website,حذف موقع,
"Deleting a website will not delete the information associated with the website (e.g. stores, categories, products, etc.), but the website will not be able to be restored. It is suggested that you create a database backup before deleting the website.",حذف موقع على شبكة الانترنت لن يتم حذف المعلومات المرتبطه الموقع على شبكة الانترنت (مثل المتاجر ، والفئات ، والمنتجات ، وما الى ذلك) ، إلا ان الموقع لن تكون قادرة على استعادة. ويقترح ان تقوم بانشاء قاعدة بيانات احتياطية قبل حذف الموقع..,
Delete Store,حذف متجر,
"Deleting a store will not delete the information associated with the store (e.g. categories, products, etc.), but the store will not be able to be restored. It is suggested that you create a database backup before deleting the store.",حذف متجر لن يتم حذف المعلومات المرتبطه تخزين (مثل الفئات ، والمنتجات ، وما الى ذلك) ، لكن المتجر لن تكون قادرة على استعادة. ويقترح ان تقوم بانشاء قاعدة بيانات احتياطية قبل حذف المتجر..,
"Deleting a store view will not delete the information associated with the store view (e.g. categories, products, etc.), but the store view will not be able to be restored. It is suggested that you create a database backup before deleting the store view.",حذف متجر الرأي لن يتم حذف المعلومات المرتبطه المتجر وراي (على سبيل المثال الفئات ، والمنتجات ، وما الى ذلك) ، ولكن نظرا لتخزين لن تكون قادرة على استعادة. ويقترح ان تقوم بانشاء قاعدة بيانات احتياطية قبل حذف المتجر ورأي.,
Delete Store View,حذف عرض متجر,
Locale options,خيارات محلية,
Url Options,خيارات الموقع,
Countries options,خيارات الدول,
Services,خدمات,
"Error in file: ""%1"" - %1","خطأ في الملف: ""%1"" - %1",
Error while saving. Please try again later.,خطا اثناء الادخار. يرجى اعادة المحاوله لاحقا.,
Session Cookie management,دورة ال  Cookie ادارة,
Media files directory,دليل وسائل الاعلام ملفات,
Session files directory,دليل ملفات الجلسة,
Base directory,دليل أساسي,
Skin directory,دليل المسح,
Customer support,دعم العملاء,
Id path for specified store,رقم تعريف المسار المحدد للتخزين,
"Store code should contain only letters (a-z), numbers (0-9) or underscore(_), first character should be a letter",رمز المخزن وينبغي ان تتضمن الحروف (من الالف الى الياء ) ، ارقام (0-9) يؤكد او (_) ، الحرف الأول ينبغي ان يكون رسالة,
Add Store Code to Urls,رمز المخزن اضافة الى عناوين المواقع,
Contact Information,ربط المعلومات,
Allowed IPs (comma separated),سمحت المءسسه (مفصوله بفواصل),
You will receive an order confirmation email with details of your order and a link to track its progress.,سوف تتلقى رسالة بالبريد الالكتروني مع تفاصيل قائمة مشترياتك.,
Request path for specified store,معلومات الحساب,
Your order # is: %1,طلبك # is: %1,
Target path for specified store,طريق الهدف لمخزن محدد,
Store Email Addresses,عناوين البريد الإلكتروني للمتجر,
Global,عالمي,
General,عام,
New Store View,عرض متجر جديد,
This Store View cannot be deleted,عرض المتجر هذا لا يمكن حذفه,
This Store View cannot be deleted.,عرض المتجر هذا لا يمكن حذفه.,
Default Store View,عرض المتجر الافتراضي,
Store View not exists,عرض المتجر غير موجود,
"Unknown scope ""%1""","غير معروف نطاق ""%1""",
Unsecure,غير آمن,
Invalid block type: %1,غير صحيح من النوع (بلوك: %1,
Place Order,الدفع الآمن,
Please enter at least 6 digits,الرجاء ادخال 6 أرقام على الأقل,
Showroom Locator,موقع المعارض,
,,
The customer doesn't exist in the system anymore,العميل غير موجود في النظام بعد الان,
"""%1"" coupon code is not valid.","""%1"" كود الكوبون غير صحيح.",
%1 order(s) succesfully released from holding status,%1 من اجل بنجاح اطلاق سراحهم من عقد المركز,
%1 order(s) successfully put on hold,%1 تم وضع الامر في الامساك بنجاح,
%1 order(s) succesfully canceled,%1 تم الغاء الامر بنجاح,
"<span style=""color:red"">Warning: when catalog prices include tax, should be set to ""No""</span>","<span style=""color:red"">تحذير: عندما كاتلوج الاسعار يحتوي على الضريبة, يجب ان يضع في  ""لا""</span>",
"<span style=""color:red"">Requires Tax Based On Shipping Origin</span>","<span style=""لون:احمر"">يتطلب ضريبة على اساس الاصل النقل البحري</span>",
G.T. (Base),G.T. (قاعدة),
G.T. (Purchased),G.T. (اشتري),
PDF Invoices,PDF فواتير,
PDF Credit Memos,PDF مذكرات ائتمانية,
PDF Packingslips,PDF زلة تعبئة,
Qty Invoiced,Qty فاتورة,
Qty to Invoice,Qty للفاتورة,
Qty To Add,Qty للاضافة,
"Invalid qty to invoice item ""%1""","Qty الفاتوره غير صالحة لهذا البند ""%1""",
"Invalid qty to ship for item ""%1""","Qty الى السفينة غير صالحة للالبند ""%1""",
Qty Canceled,Qty الغية,
Qty Ordered,Qty امر,
Qty Shipped,Qty شحنه,
"Invalid qty to refund item ""%1""","Qty غير صالحة لاعادة البند ""%1""",
SKU,SKU,
Sku,Sku,
Invoices,فواتير,
Invoice email not sent,فاتوره لم ترسل البريد الألكتروني,
Invoice capture error,فاتوره الاستيلاء على خطأ,
Invoice Comment Email Template,فاتوره التعليق قالب البريد الالكتروني,
Invoice Comment Email Sender,فاتوره التعليق البريد الالكتروني للمرسل,
Invoice Comment Email Template for Guest,فاتوره التعليق البريد الالكتروني نموذج للضيف,
Invoice and shipment was successfully created.,فاتوره الشحن ونجحت عملية انشاء.,
Invoiced,فاتورة,
Invoice,فاتورة,
Invoice #,فاتورة #,
Invoice #,فاتورة #,
Invoice #%1,فاتورة #%1,
Invoice Email Template,فاتورة قالب البريد الالكتروني,
Invoice Email Sender,فاتورة البريد الالكتروني المرسل,
Items Invoiced,فاتورة العناصر,
Bill to Name,فاتورة بالاسم,
Bill to Last name,فاتورة بالاسم الاخير,
Bill to First name,فاتورة بالسم الاول,
New Invoice,فاتورة جديدة,
New Invoice for Guest,فاتورة جديدة لزائر,
Action,فعل,
Hold action is not available,فعل الامساك ليس مسموح,
"separate by "",""","فصل بواسطة"",""",
Coupons,كوبونات,
Discount Amount,كمية الخصم,
Refund Amount,كمية الرد,
Shipping Amount,كمية الشحن,
Tax Amount,كمية الضريبة,
State/Province,الحي/المنطقة,
Tax Class for Shipping,وضع الضريبة في الشحنه,
Custom Value,قيمة مخصصة,
Shipment Email Template,قالب البريد الالكتروني للشحنه,
Shipment Email Template for Guest,قالب البريد الالكتروني للشحنه للزائر,
Wishlist,قائمة الأمنيات,
Order was not put on hold.,لم يتم وضع الامر في الامساك.,
Order was not unholded.,لم يتم وضع الامر في الامساك.,
Order was not cancelled.,لم يتم إلغاء طلب الشراء.,
No items,لا يوجد سلع,
No Payment Methods,لا يوجد طرق للدفع,
Can not do credit memo for order,لا يمكن فعل مذكرة ائتمانية للامر,
Comment text field can not be empty.,لا يمكن أن يكون حقل التعليق فارغا.,
Can not send shipment information.,لا يمكن إرسال بيانات الشحن.,
Can not add new comment.,لا يمكن إضافة تعليق جديد.,
Can not add tracking number.,لا يمكن إضافة رقم تعقب.,
Can not register existing shipment,لا يمكن التسجيل في الشحنع الموجوده,
Can not register existing invoice,لا يمكن التسجيل للفاتورة الموجوده,
Can't get order instance,لا يمكن ان تحصل من اجل المثال,
"Can not create block ""%1""","لا يمكن انشاء مساحة ""%1""",
Can not retrieve tracking number detail.,لا يمكن استرجاع تفاصيل رقم الشحنه.,
Can not add order history.,لا يمكن اضافة تاريخ الامر.,
Can not initialize shipment for adding tracking number.,لا يمكن تهيئة شحن تتبع لإضافة رقم الشحنه.,
Can not initialize shipment for delete tracking number.,لا يمكن تهيئة شحن تتبع لحذف رقم الشحنه.,
Can not load track with retrieving identifier.,لا يمكن تحميل المسار مع استرجاع المعرف.,
Can not update item qty,لا يمكن تحديث كمية السلعة,
Can not register existing creditmemo,لا يمكن تسجيل الإئتمان القائمة المذكره,
Can not save invoice,لا يمكن حفظ الفاتورة,
Can not save credit memo,لا يمكن حفظ المذكرة الائتمانية,
Can not save shipment.,لا يمكن حفظ الشحن.,
Can not delete tracking number.,لا يمكن حذف رقم تعقب.,
Can not do shipment for order.,لا يمكن شحن الامر.,
Can not do invoice for order,لا يمكن عمل فاتورة للامر,
There are no printable documents related to selected orders,لا توجد للطباعة الوثائق ذات الصلة طلبات مختارة,
"No detail for number ""%1""","لا توجد تفاصيل للرقم""%1""",
You need specify carrier.,لابد من تحديد الناقل.,
SOLD TO:,لبيع:,
Email Copy of Invoice,نسخة البريد الالكتروني للفاتورة,
Email Copy of Credit Memo,نسخة البريد الالكتروني للمذكرة الائتمانية,
Email Copy of Shipment,نسخة البريد الالكتروني للشحنه,
Comment Text,نص التعليق,
Are you sure you want to cancel this order?,هل أنت متأكد أنك تريد إلغاء طلب الشراء هذا؟,
Are you sure?,هل أنت متأكد؟,
Are you sure? This order will be cancelled and a new one will be created instead,هل أنت متأكد؟ سيتم إلغاء هذا الطلب وإنشاء طلب شراء جديد بدلا عنه,
Gift,هدية,
Credit Memo Comments,ملاحظات المذكرة الائتمانية,
Order Comments,ملاحظات الامر,
Shipment Comments,ملاحظات الشحنة,
Order Comment,ملاحظة الامر,
From,من,
Please select products to add,من فضلك اختر منتجات لإضافتها,
Please select a store,من فضلك اختر متجرا,
Please select a customer,من فضلك اختر عميلا,
Order Update (Credit Memo),من أجل تحديث (مذكرة الائتمان),
From Name,من الاسم,
Subscribe to Order Status,من اجل الاشتراك في حالة,
Send Order Comment Email Copy To,من اجل ارسال نسخة منها الى البريد الالكتروني التعليق,
From:,من:,
Track this shipment,متابعة هذه الشحنه,
Track Order,متابعة الامر,
Track all shipments,متابعة جميع الشحنات,
Track all shipment(s),متابعة جميع الشحنات(s),
Track your order,متابعة طلبك,
Same As Billing Address,مثل عنوان الفاتورة,
Total Qty,مجموع Qty,
Total Paid,مجموع المدفوعات,
Total Refund,مجموع الرد,
Total Refunded,مجموع الردود,
Row Total,مجموع الصف,
Total(ex),مجموع(ex),
Total(inc),مجموع(inc),
Customer Group,مجموعة العملاء,
Mixed,مختلط,
Paid,مدفوع,
Credit Memo,مذكرة الائتمان,
Credit Memo #,مذكرة الائتمان #,
Credit Memo #,مذكرة الائتمان #,
Credit Memo Email Template,مذكرة الائتمان نموذج البريد الالكتروني,
Credit Memo email sent,مذكرة الائتمان ارسال البريد الالكتروني,
Credit Memo Email Template for Guest,مذكرة البريد الالكتروني الائتمان نموذج للضيف,
Credit Memo Comment Email Template,مذكرة التعليق الائتمان نموذج البريد الالكتروني,
New Credit Memo,مذكرة ائتمانية جديدة,
New Credit Memo for Guest,مذكرة ائتمانية جديدة للزائر,
Credit Memo void error,مذكرة باطلة خطا الائتمان,
Shipment Email Sender,مرسل البريد الالكتروني للشحنه,
Document,مستند,
Pending,معلقة,
Processing data problem,معالجة مشكلة البيانات,
Closed,مغلق,
Void,Void,
Orders was successfully put on hold,أوامر تم بنجاح وضع الانتظار,
Adjustment Fee,أجر الضبط,
Adjustment Fee:,أجر الضبط:,
To,الى,
To Name,إلى اسم,
Cancel,إلغاء,
Create,إنشاء,
Create Shipment,إنشاء شحن,
Create New Order,إنشاء طلب شراء جديد,
Create New Order for %1,إنشاء طلب شراء جديد لـ %1,
Create New Order for %1 in %1,إنشاء طلب شراء جديد لـ %1 في %1,
Create New Order for New Customer,إنشاء طلب شراء جديد لعميل جديد,
Create New Order for New Customer in %1,إنشاء طلب شراء جديد لعميل جديد في %1,
Create New Customer,إنشاء عميل جديد,
Submit Invoice,إرسال فاتورة,
Send Tracking Information,إرسال بيانات التعقب,
Submit Comment,إرسال تعليق,
Submit Order,إرسال طلب الشراء,
Remove,إزالة,
Remove Coupon Code,إزالة كود الكوبون,
Add,إضافة,
Add Product,إضافة منتج,
Add to Cart,أضف الى السلة,
Add Tracking Number,إضافة رقم تعقب,
Add New Address,إضافة عنوان جديد,
Notify Customer,إعلام العميل,
Actions,افعال,
Orders,طلبات,
Items Ordered,طلبات العناصر,
My Orders,طلباتي,
My Orders - Details,طلب- تفاصيل,
Item Status,اوضاع العناصر,
Amount,الكمية,
Paid Amount,الكمية المدفوعة,
Carrier,الناقل,
New Order Confirmation Email Sender,النظام الجديد تأكيد البريد الألكتروني المرسل,
Telephone,الهاتف,
Website,الموقع,
Product,المنتج,
Products,المنتجات,
Products in Compare List,المنتجات في قائمة المقارنة,
Recently Compared Products,المنتجات المقارنة حديثا,
Recently Viewed Products,المنتجات المشاهدة حديثا,
Sales,المبيعات,
Grand Total,المجموع الكلي,
Grand Total to be charged,المجموع الكلي التي ستحمل,
Grand Total:,المجموع الكلي:,
Subtotal,المجموع الاصلي,
Store Credit,المخزن الائتماني,
Creditmemos,المذكرات الائتمانية,
Creditmemo,المذكرة الائتمانية,
Credit Memos,المذكرة الائتمانية,
Recently Viewed,المشاهد حديثا,
Processing,المعالجة,
Orders was unholded,الطلبات كانت غير منتظرة,
Recent Orders,قائمات المشتريات الحالية,
Credit Memo Email Sender,الائتمان مذكرة البريد الالكتروني للمرسل,
First Name,الاسم الأول,
Subscribe to Newsletter,الاشتراك في القائمة البريدية,
Newsletter Subscription,الاشتراك بالنشرة الالكترونية,
Item qty declare error,البند qty يعلن خطأ,
Email,البريد الإلكتروني,
Invoice Email Template for Guest,البريد الالكتروني فاتوره نموذج للضيف,
Order Comment Email Template,البريد الالكتروني للقالب في البريد الالكتروني,
Credit Memo email not sent,البريد الالكتروني للمذكرة الائتمانية لم ترسل,
Sales Emails,البريد الالكتروني للبيع,
Order Comment Email Sender,البريد الالكتروني المرسل من اجل التعليق,
Signed Up From,التوقيع من,
Date,التاريخ,
Shipment Comment Email Template,التعليق قالب شحن البريد الالكتروني,
Credit Memo Comment Email Sender,التعليق الائتمان مذكرة البريد الالكتروني للمرسل,
Credit Memo Comment Email Template for Guest,التعليق الائتمان مذكرة البريد الالكتروني نموذج للضيف,
Shipment Comment Email Sender,التعليق شحن البريد الالكتروني للمرسل,
Shipment Comment Email Template for Guest,التعليق شحن البريد الالكتروني نموذج للضيف,
Status,الحالة,
Get shipping methods and rates,الحصول على طرق ومعدلات الشحن,
Checkout totals sort order,الخروج المجاميع الترتيب,
Country,الدولة,
ZIP/Post Code,الرقم البريدي,
ID,الرمز التعريفي,
Back to My Orders,الرجوع الى طلب,
Allow Reorder,السماح باعادة الامر,
Price,السعر,
Original Price,السعر الاساسي,
Shipping &amp; Handling Information,الشحن &amp; معلومات التسليم,
Shipping &amp; Handling,الشحن &amp; التسليم,
Shipping & Handling,الشحن و التسليم,
Shipping & Handling:,الشحن و التسليم:,
Tax,الضريبة,
Tax :,الضريبة :,
Title,العنوان,
The item %1 (SKU %1) doesn't exist in the catalog anymore,العنصر %1 (SKU %1) لا وجود بعد الآن في الكاتالوج,
You have placed no orders.,لا يوجد لديك طلبات سابقة,
Created At,انشئت في,
Reorder,امر,
Order # %1 | Order Date %1,امر # %1 | تاريخ الامر %1,
Order Total,المجموع,
Order Subtotal,امر المجموع الفرعي,
Order Subtotal:,امر المجموع الفرعي:,
Order Grand Total,امر المجموع الكلي,
Order Totals,امر المجموعات,
Order History,امر التاريخ,
Order Date,التاريخ,
Order Date:,التاريخ:,
Order Date: %1,التاريخ: %1,
Order Currency:,امر العملة:,
Email Order Confirmation,امر تاكيد البريد الالكتروني,
Order Comment Email Template for Guest,امر تعليق قالب البريد الالكتروني للزائر,
New Order RSS,امر جديد RSS,
New Order for Guest,امر جديد للزائر,
Order saving error: %1,امر حفظ الخطاء: %1,
Ordered,طلبت,
On Hold,امساك,
Hold,امساك,
Credit Memo total must be positive.,اجمالي الائتمان المذكره يجب ان تكون ايجابية.,
Select from existing customer addresses:,اختر من القائمة عناوين العملاء:,
Last ordered items,المنتجات المطلوبة مؤخرا,
Last Ordered Items,المنتجات المطلوبة مؤخرا,
Append Comments,ارفاق التعليقات,
Tracking Number(s),ارقام المتابعة,
Invoice email sent,ارسلت فاتورة البريد الالكتروني,
Send Invoice Email Copy To,ارسال نسخة فاتورة بالبريد الالكتروني الى,
Send Credit Memo Comment Email Copy To,ارسال نسخة ملاحظة مذكرة ائتمانية للبريد الالكتروني,
Send Shipment Email Copy To,ارسال نسخة الى شحن البريد الالكتروني,
Send Order Email Copy To,ارسال نسخة امر بالبريد الالكتروني الى,
Send Invoice Comment Email Copy To,ارسال الفاتوره الى التعليق على نسخة البريد الالكتروني,
Submit Credit Memo,ارسال المذكرة الائتمانية,
Submit Shipment,ارسال الشحنه,
Send Credit Memo Email Copy To,ارسال بريد الكتروني الائتمان المذكره نسخة إلي,
Send Shipment Comment Email Copy To,ارسال شحنة التعليق على نسخة البريد الالكتروني,
Product Name,اسم المنتج,
Customer Name,اسم العميل,
Last Name,اسم العائلة,
Items Refunded,استرداد البنود,
Capture,اسر,
Capture Amount,اسر الكمية,
Capture Offline,اسر خارج الشبكة,
Capture Online,اسر داخل الشبكة,
Notified,اشعار,
Add Order Comments,اضف ملاحظة الامر,
Add Selected Product(s) to Order,اضف المنتج المختار الى الامر,
Add To Order,اضف الى الامر,
Add a gift message for <strong>each gift item</strong>,اضف رسالة هدية لل  <strong>لاي عنصر هدية</strong>,
Add a gift message for the <strong>entire order</strong>,اضف رسالة الهدية الى ال  <strong>الامر الكامل</strong>,
Edit Order #%1,اضافة امر #%1,
Click to change shipping method,اضغط لتغيير طريقة الشحن,
Returned,اعادة,
Adjustment Refund,اعادة التكيف,
Adjustment Refund:,اعادة التكيف:,
Information,بيانات,
Account Information,بيانات الحساب,
Payment Information,بيانات الدفع,
Shipping Information,بيانات الشحن,
Order Information,بيانات طلب الشراء,
Total Due,بسبب المجموع,
Some items have quantities exceeding allowed quantities. Please select a lower quantity to checkout.,بعض الاصناف بكميات تتجاوز الكميات المسموح. الرجاء تحديد الكميه الى اقل الخروج.,
Order Details,تفاصيل طلب الشراء,
Complete,مكتمل,
Order was successfully put on hold.,تم وضع الامر في الامساك بنجاح.,
Order was placed using %1,تم وضع الامر باستخدام %1,
Invoice was successfully canceled.,تم إلغاء الفاتورة بنجاح.,
Order was successfully cancelled.,تم إلغاء طلب الشراء بنجاح.,
Invoice was successfully created.,تم إنشاء الفاتورة بنجاح.,
Canceled,تم الإلغاء,
Refunded,تم الرد,
Shipped,تم الشحن,
Shipped By,تم الشحن بواسطة,
Credit Memo was successfully canceled.,تم الغاء المذكرة الائتمانية بنجاح.,
Orders was canceled,تم الغاء الامر,
Credit Memo was successfully created,تم انشاء المذكرة الائتمانية بنجاح,
Shipment was successfully created.,تم انشاء الشحنه بنجاح.,
Credit Memo was successfully voided,تم ابطال المذكرة الائتمانية بنجاح,
Shipment email sent,تم ارسال البريد الالكتروني للشحنه,
Shipment was successfully sent.,تم ارسال الشحنه بنجاح.,
Invoice was successfully captured,تم اسر الفاتورة بنجاح,
Order was successfully released from holding status.,تم بنجاح من اجل اطلاق سراحهم من عقد المركز.,
Invoice was successfully voided,تم تعطيل الفاتورة بنجاح,
New Order Confirmation Template,تأكيد نموذج النظام الجديد,
New Order Confirmation Template for Guest,تأكيد نموذج النظام الجديد للضيف,
Invoice Date,تاريخ الفاتورة,
Comments History,تاريخ التعليقات,
Date Shipped,تاريخ الشحن,
Refresh,تحديث,
Update Qty's,تحديث Qty's,
Invoice Update,تحديث الفاتورة,
Invoice Update for Guest,تحديث الفاتورة للزائر,
Credit Memo Update,تحديث المذكرة الائتمانية,
Credit Memo Update for Guest,تحديث المذكرة الائتمانية للضيف,
Order Update (Invoice),تحديث الامر (فاتورة),
Order Update (Shipment),تحديث الامر (شحنه),
Update Changes,تحديث التغييرات,
Shipment Update,تحديث الشحنه,
Shipment Update for Guest,تحديث الشحنه للزائر,
Order Update,تحديث طلب الشراء,
Order Update for Guest,تحديث طلب الشراء لزائر,
Edit,تحرير,
Purchased On,تشتري على,
Shipping,التوصيل,
Apply,تطبيق,
Apply Coupon Code,تطبيق كود الكوبون,
Apply Tax after Discount,تطبيق الضريبة بعد الخصم,
Comment,تعليق,
Invoice Comments,تعليقات الفاتورة,
Change Status,تغيير الحالة,
New,جديد,
Partial,جزئي,
Save in address book,حفظ في دفتر العناوين,
Save In Address Book,حفظ في دفتر العناوين,
New Status,حالة جديدة,
Order Status,حالة طلب الشراء,
Unknown Status,حالة غير معروفة,
Delete,حذف,
Tax Calculation,حساب الضريبة,
Invoice cancel error.,خطأ في إلغاء الفاتورة.,
Credit Memo cancel error.,خطاء في الغاء مذكرة الائتمان.,
Invoice void error,خطاء تعطيل الفاتورة,
Discount,خصم,
Discount,خصم,
Discount (%1),خصم (%1),
Discount (%s),خصم (%s),
Discount :,خصم :,
Unknown State,دول غير معروفة,
Catalog prices include tax,دليل الاسعار تشمل الضرائب,
Number,رقم,
Tracking number can not be empty.,رقم المتابعة لا يمكن ان يكون فارغا.,
Tracking Number,رقم التعقب,
Link to the previous order,رابطة للامر القديم,
Link to the new order,رابطة للامر الجديد,
Backordered,رجوع الامر,
Refund,رد,
Refund #,رد #,
Refund #%1,رد #%1,
Shipping Refund,رد الشحن,
Refund Offline,رد خارج الشبكة,
Refunds,ردود,
Message,الرسالة,
Gift Message,رسالة هدية,
Gift Message for Entire Order,رسالة هدية لكل طلب الشراء,
Gift Message for this Order,رسالة هدية لطلب الشراء هذا,
Shipment email not sent,رسالة البريد الالكتروني للشحنه لم ترسل,
Message:,رسالة:,
Packingslip #,زلة التعبئة #,
Guest,زائر,
Item,منتج,
Gift Certificate,شهادة هدية,
Ship,شحن,
Ship to,توصيل الى,
Ship to Name,شحن الى الاسم,
Ship to First Name,شحن الى الاسم الاول,
Ship to First name,شحن الى الاسم الاول,
Ship to Last name,شحن الى الاسم الاخير,
SHIP TO:,شحن الى:,
Items Shipped,شحن البنود,
New Shipment,شحن جديد,
New Shipment for Guest,شحن جديد لزائر,
Shipment,شحنه,
Shipment #,شحنه #,
Shipment #%1,شحنه #%1,
Shipments,شحنات,
Purchased From,شراؤها من,
Purchased from (store),شراؤها من (المخزن),
Logo (200x50),شعار (200x50),
Order,طلب الشراء,
Order,طلب الشراء,
Order #,الطلب #,
Order #,الطلب #,
Order # %1,الطلب # %1,
Order #%1,الطلب #%1,
Order #%1 - %1,الطلب #%1 - %1,
Order not longer exist,طلب الشراء لم يعد موجودا,
Order not longer exist.,طلب الشراء لم يعد موجودا.,
This order no longer exists.,طلب الشراء هذا لم يعد موجودا.,
New Order,طلب شراء جديد,
Print,طباعة,
Print All Invoices,طباعة كل الفواتير,
Print Invoices,طباعة الفواتير,
Print Invoice,طباعة الفاتورة,
Print All,طباعة الكل,
Print Credit Memos,طباعة المذكرة الائتمانية,
Print Refund,طباعة الاسترداد,
Print Shipment,طباعة الشحنة,
Print All Refunds,طباعة جميع الردود,
Print All Shipments,طباعة جميع الشحنات,
Print Packingslips,طباعة زلة التعبئة,
Print Order,طباعة طلب الشراء,
Print Order # %1,طباعة طلب الشراء # %1,
Payment Method,طريقة الدفع,
Shipping Method,طريقة الشحن,
Shipping Method:,طريقة الشحن:,
Tax Based On,على اساس الضريبة,
About This Order:,عن هذا الامر:,
About Your Order,عن امرك,
Address,عنوان,
Billing Address,عنوان الفاتورة,
Shipping Address,عنوان الشحن,
Items to Invoice,عناصر للفواتير,
Items to Refund,عناصر للاسترداد,
Items to Ship,عناصر للشحن,
"Sorry, no quotes are available for this order at this time.",عذرا ، لم يقتبس متوفره لهذا النظام في هذا الوقت.,
Shopping Cart,سلة التسوق,
View,عرض,
View All,عرض الكل,
Order View,عرض تفاصيل,
View Order,عرض تفاصيل,
Unhold,غير منتظرة,
Not Capture,غير اسرة,
Send shopping list to a friend,أرسل قائمة المنتجات لصديق,
Enter email address,أدخل عنوان البريد الإلكتروني,
Please enter a valid e-mail address.,الرجاء إدخال عنوان بريد إلكتروني صالح.,
Shopping list is successfully sent.,تم إرسال لائحة المشتريات.,
Shopping list was not successfully sent.,لم يتم إرسال لائحة المشتريات.,
You have earned,لقد حصلت على,
Points,نقاط,
Go to Checkout,الانتقال الى الدفع,
Subtotal,المجموع الفرعي,
Cart Subtotal,المجموع,
Grand Total,المجموع الكلي,
You have no items in your shopping cart.,لا يوجد لديك أي سلع في قائمة المنتجات.,
"Click <a href=""%1"">here</a> to continue shopping.","انقر <a href=""%1"">هنا</a> لمواصلة التسوق.",
Proceed to Checkout,الانتقال إلى الدفع,
Update Shopping Cart,تحديث سلة التسوق,
Check Out with Multiple Addresses,إنهاء عملية الشراء بعناوين متعددة,
Estimate Shipping and Tax,تقدير الشحن والضريبة,
Gift options,خيارات الهدايا,
Apply Discount Code,أكواد خصم,
Summary,ملخص,
We can't find products matching the selection.,لا توجد منتجات مطابقة مع الاختيارات.,
In stock,متوفر بالمخزون,
In Stock,متوفر بالمخزون,
Out of stock,غير متوفر بالمخزون,
Out of Stock,غير متوفر بالمخزون,
Quantity,الكمية,
Choose Quantity,الكمية,
Enter discount code,أدخل رمز الخصم,
Apply Discount,تطبيق الخصم,
Gift Cards,بطاقات الهدايا,
Enter the gift card code,أدخل رمز بطاقة الهدايا,
Add Gift Card,إضافة بطاقة هدية,
Check Gift Card status and balance,تحقق من حالة بطاقة هدية والتوازن,
See Balance,تفقد الرصيد,
"Welcome, %1!","مرحبا, %1!",
Please use letters only (a-z or A-Z) in this field.,فضلا استخدم الحروف في هذه الخانه.,
Results,نتائج,
Search results for '%1',نتائج البحث عن '%1',
Search results for: '%1',نتائج البحث عن: '%1',
Relevance,الصلة,
Category,تصنيف,
Set Ascending Direction,الصعود الى مجموعة التنبيه,
Set Descending Direction,تحديد الاتجاه التنازلي,
Remove item,إزالة منتج,
Edit item,تعديل منتج,
Gift Receipt,استلام هدية,
Printed card,بطاقة مطبوعة,
Printed Card,بطاقة مطبوعة,
Grid,الشبكة,
List,قائمة,
"The coupon code ""%1"" is not valid.","كود الكوبون ""%1"" غير صحيح.",
Please enter a coupon code.,من فضلك قم بإدخال كود كوبون.,
Coupon code was canceled successfully.,تم إلغاء كود الكوبون بنجاح.,
Coupon code was applied successfully.,تم استخدام كود الكوبون بنجاح.,
Coupon code is not valid,كود الكوبون غير صحيح,
"You added %1 to your <a href=""%2"">shopping cart</a>.","تمت إضافة %1 إلى <a href=""%2"">السلة</a>",
Edit item parameters,عدل خصائص المنتج,
Please correct the gift card code,الرجاء التأكد من الرمز المدخل,
Share on FaceBook,شارك على فيسبوك,
Share on Twitter,شارك على تويتر,
Ship Here,اشحن إلي هنا,
Thanks for contacting us with your comments and questions. We'll respond to you very soon.,شكرا لتواصلكم معنا. سوف نرد عليكم بأقرب وقت ممكن,
Our Catalogues,الكاتالوجات,
All,الكل,
Make your own design.,اعد تصميمك الخاص,
Saudi Ceramics Edesiger,المصمم الالكتروني,
Search Projects..,البحث عن مشروع…,
eDesigner,المصمم الالكتروني,
My Projects,مشاريعي,
Shared With Me,مشارك معي,
Project Templates,القوالب,
No records,لا سجلات,
My billing and shipping address are the same,عنوان الشحن نفس عنوان الفاتورة,
Ship To,اشحن إلى,
Move to Wishlist,احفظ في قائمة الأمنيات,
Recently Ordered,المنتجات المطلوبة حديثا,
Go to Wish List,الذهاب إلى قائمة الإمنيات,
My Account,حسابي,
My Wishlist,قائمة أمناتي,
Compare,قارن,
You aren't subscribed to our newsletter.,لم تسجل في النشرة البريدية,
Sign Out,تسجيل خروج,
You have not set a default billing address.,لم تحدد عنوان الفاتورة الافتراضي,
You did not sign in correctly or your account is temporarily disabled.,خطأ في تسجيل الدخول أو حسابك مجمد حاليا,
SKU,رقم المنتج,
Description,الوصف,
Short Description,الوصف القصير,
Brand,العلامة التجارية,
Print This Page,اطبع الصفحة,
Shop By,تسوق من قبل,
We'll email you an order confirmation with details and tracking info.,سوف نرسل لك بريد الكتروني بتفاصيل الطلب ورقم تتبع الشحنة,
You can track your order status by creating an account.,يمكنك تتبع طلبك من خلال إنشاء حساب,
shopping cart,سلة التسوق,
More Information,المزيد,
Added,تمت الإضافة,
Adding...,تتم الإضافة,
Are you sure you would like to remove this item from the shopping cart?,هل انت متأكد من انك تريد إزالة هذا المنتج من سلة التسوق؟,
OK,نعم,
Your order number is: %1.,رقم طلبك هو: %1,
My Cart,سلة التسوق,
Checkout,اتمام عملية الشراء,
You already have an account with us. Sign in or continue as guest.,لديك حساب مسجل بهذا البريد الالكتروني. سجل دخولك أو تابع كزائر,
Next,التالي,
Order Summary,تفاصيل الطلب,
Ship To:,الشحن إلى,
You can create an account after checkout.,يمكنك إنشاء حساب بعد إنهاء عملية الشراء,
Sub Total,المجموع الكلي,
Please select city,الرجاء اختيار المدينة,
Shipping Methods,طريقة الشحن,
"Sorry, no quotes are available for this order at this time",لا يوجد تقدير الأسعار حاليا,
Create Account,إنشاء حساب,
Don’t have an account? Register Now,ليس لديك حساب؟ سجل الآن,
* Required Fields,حقول مطلوبة,
Your cart is empty.,سلتك فارغة.,
Start shopping now !,ابدأ التسوق الآن,
Review & Payments,المراجعة و عملية الدفع,
Items in Cart,العناصر في السلة,
Not yet calculated,لم يحسب بعد,
We'll send your order confirmation here.,سنرسل تأكيد الطلب إلى هذا البريد الاكتروني,
For delivery questions.,للاستفسارات عن الشحن.,
Select Method,اختر الطريقة,
Method Title,طريقة الشحن,
Carrier Title,اسم شركة الشحن,
Estimated Total,المجموع التقديري,
Enter your destination to get a shipping estimate.,أدخل عنوان الشحن لاحتساب الضريبة,
Item in Cart,العناصر في السلة,
You will be redirected to the PayFort website when you place an order.,سيتم تحويلك إلى صفحة أخرى لإتمام العملية,
Update Wish List,حدث قائمة الأمنيات,
Share Wish List,شارك قائمة الأمنيات,
Items %1-%2 of %3,عرض %1-%2 من %3 منتج,
"You added product %1$s""  to the <a href=""""%2$s"""">comparison list</a>.""","لقد أضفت %1$s إلى <a href=""%2$s"">المقارنة</a>.",
View and edit cart,تحرير سلة المشتريات,
Discount,خصم,
Pending,معلق,
Processing,تحت التجهيز,
Complete,تم الشحن,
Canceled,تم الغاء الطلب,
Closed,تم إرجاع الطلب,
View cart,مراجعة و تحرير السلة,
Mobile Number,رقم الجوال,
SMS Notifications,الرسائل النصية,
Cancel Coupon,إلغاء الكوبون,
"You used coupon code ""%1"".","لقد استعملت كوبون ""%1"".",
You canceled the coupon code.,تم إلغاء الكوبون,
Credit Card Number,رقم بطاقة مدى/ الائتمان,
Expiry month,شهر الانتهاء,
Expiry year,سنة الانتهاء,
Security code,الرقم خلف البطاقة,
No payment method selected,لم يتم تحديد طريقة دفع,
No shipping method selected,لم يتم تحديد طريقة شحن,
Cash on Delivery Fee,رسوم الدفع عند الاستلام,
Excl. Tax,غير شامل. ضريبة,
Incl. Tax,مدفوع. ضريبة,
Your order is:,طلبك:,
Order details:,تفاصيل الطلب:,
Order Date:,تاريخ الطلب:,
Cancel coupon,إلغاء القسيمة,
Filter by,تصنيف بـ,
Sort by,ترتيب حسب,
Filter by %1,تصفية حسب %1,
Material,مواد,
Pattern,نمط,
Climate,مناخ,
Color,اللون,
Account Navigation,تفاصيل الحساب,
Compare Products,مقارنة المنتجات,
Sale Products,بيع المنتجات,
Compare Products,مقارنة المنتجات,module
Add To Cart,أضف الى السلة,module
Add to Wish List,اضف الى قائمة الامنيات,module
You have no items to compare.,لا يوجد منتجات للمقارنة الآن.,module
Remove This Item,حذف هذا المنتج,module
Compare,مقارنة,module
Clear All,إلغاء الكل,module
Prev,السابق,module
Next,التالي,module
We can't find products matching the selection.,لا يمكن العثور على منتجات مطابقة لاختيارك.,module
Learn More,اعرف المزيد,module
Add to Compare,إضافة إلى المقارنة,module
Availability:,التوفر:,module
SKU,كود المنتج,module
You have added %1 to shopping cart.,لقد أضفت %1 إلى عربة التسوق.,
View cart,عرض سلة التسوق,module
View Cart,عرض سلة التسوق,module
View cart,عرض سلة التسوق,module
View cart,عرض سلة التسوق,
View Shopping Cart,عرض سلة التسوق,module
Apply Discount Code,استخدام كود خصم,
Enter discount code,أدخل كود الخصم,
Add a Note,أضف ملاحظة,
Use Coupon Code,استخدام كود خصم,
Already have an account? Login,هل لديك حساب؟ تسجيل الدخول,
Order Review,مراجعة الطلب,
here,هنا,
Shipping address,عنوان الشحن,
Shipping method,طريقة الشحن,
Payment method,طريقة الدفع او السداد,
Enter Coupon Code,أدخل رمز القسيمة,
Tooltip,تلميح,
Mini Cart,سلة التسوق,
Your email address,عنوان بريدك الإلكتروني,
Setting,ضبط,
Sale Products,بيع المنتجات,
"You added product %1 to the <a href=""%2"">comparison list</a>.","أضفت المنتج%1  إلى قائمة المقارنة <a href=""%2""> </a>.",
Please enter more or equal than {0} symbols.,يرجى إدخال أكثر من أو يساوي {0} الرموز.,
Please enter less or equal than {0} symbols.,الرجاء إدخال رموز أقل من أو تساوي {0}.,
Model,كود المنتج,
New,جديد,
You need to choose options for your item.,تحتاج إلى تحديد خيارات للمنتج الخاص بك.,
Total:,المجموع:,
Go To Cart,الذهاب الى سلة التسوق,
Check Out,صفحة الدفع,
Sale,تخفيض,
Change Email and Password,تغيير البريد الالكتروني وكلمة المرور,
"""You're reviewing: ""","""أنت تقيم :""",
Please enter a quantity greater than 0.,الرجاء ادخال كمية أعلى من 0.,
Update Cart,تحديث سلة التسوق,